appointment_date,total_appointments,no_show_count,avg_age,avg_temp,max_temp,avg_rain,no_show_rate,show_count,day_of_week,month,is_weekend,week_of_year,demand_lag_1,demand_lag_2,demand_lag_3,demand_lag_7,demand_lag_14,demand_rolling_7,demand_rolling_14,demand_rolling_30
2020-01-30,145,53,16.896551724137932,20.22937931034483,23.933793103448277,0.21786206896551724,0.36551724137931035,92,3,1,0,5,90.0,18.0,21.0,13.0,17.0,44.714285714285715,28.857142857142858,22.566666666666666
2020-01-31,95,34,17.66315789473684,20.434631578947368,24.083157894736843,0.19410526315789475,0.35789473684210527,61,4,1,0,5,145.0,90.0,18.0,11.0,29.0,56.714285714285715,33.57142857142857,24.9
2020-02-01,111,32,15.675675675675675,20.155855855855858,24.142342342342342,0.18351351351351353,0.2882882882882883,79,5,2,1,5,95.0,145.0,90.0,10.0,1.0,71.14285714285714,41.42857142857143,27.5
2020-02-02,129,38,17.550387596899224,20.35418604651163,24.307751937984495,0.15015503875968994,0.29457364341085274,91,6,2,1,5,111.0,95.0,145.0,18.0,19.0,87.0,49.285714285714285,31.2
2020-02-03,3,0,10.0,17.926666666666666,25.400000000000002,0.5133333333333333,0.0,3,0,2,0,6,129.0,111.0,95.0,21.0,8.0,84.42857142857143,48.92857142857143,30.766666666666666
2020-02-04,404,112,16.56188118811881,20.199207920792077,23.9029702970297,0.13076732673267327,0.27722772277227725,292,1,2,0,6,3.0,129.0,111.0,18.0,6.0,139.57142857142858,77.35714285714286,43.733333333333334
2020-02-05,573,189,17.221640488656195,20.20193717277487,23.710820244328097,0.18195462478184993,0.3298429319371728,384,2,2,0,6,404.0,3.0,129.0,90.0,15.0,208.57142857142858,117.21428571428571,62.766666666666666
2020-02-06,394,126,17.718274111675125,20.241395939086292,23.753299492385786,0.19220812182741118,0.3197969543147208,268,3,2,0,6,573.0,404.0,3.0,145.0,13.0,244.14285714285714,144.42857142857142,75.66666666666667
2020-02-07,454,132,18.341409691629956,20.47193832599119,24.24669603524229,0.20444933920704847,0.2907488986784141,322,4,2,0,6,394.0,573.0,404.0,95.0,11.0,295.42857142857144,176.07142857142858,89.73333333333333
2020-02-08,725,247,17.45655172413793,20.213020689655174,23.88993103448276,0.18827586206896552,0.3406896551724138,478,5,2,1,6,454.0,394.0,573.0,111.0,10.0,383.14285714285717,227.14285714285714,113.33333333333333
2020-02-09,3,0,30.666666666666668,18.403333333333332,22.0,0.18333333333333335,0.0,3,6,2,1,6,725.0,454.0,394.0,129.0,18.0,365.14285714285717,226.07142857142858,112.16666666666667
2020-02-10,1,0,13.0,19.78,29.1,0.0,0.0,1,0,2,0,7,3.0,725.0,454.0,3.0,21.0,364.85714285714283,224.64285714285714,111.7
2020-02-11,462,143,17.636363636363637,20.289761904761907,24.063419913419914,0.1726839826839827,0.30952380952380953,319,1,2,0,7,1.0,3.0,725.0,404.0,18.0,373.14285714285717,256.35714285714283,127.03333333333333
2020-02-12,575,202,18.022608695652174,20.41333913043478,24.065739130434782,0.1801913043478261,0.35130434782608694,373,2,2,0,7,462.0,1.0,3.0,573.0,90.0,373.42857142857144,291.0,146.03333333333333
2020-02-13,448,123,17.9375,20.326986607142857,24.122991071428572,0.19410714285714284,0.27455357142857145,325,3,2,0,7,575.0,462.0,1.0,394.0,145.0,381.14285714285717,312.64285714285717,160.5
2020-02-14,524,171,16.635496183206108,20.5899427480916,24.156106870229006,0.17994274809160307,0.32633587786259544,353,4,2,0,7,448.0,575.0,462.0,454.0,95.0,391.14285714285717,343.2857142857143,177.4
2020-02-15,599,186,17.741235392320533,20.4071285475793,24.304006677796327,0.16218697829716194,0.3105175292153589,413,5,2,1,7,524.0,448.0,575.0,725.0,111.0,373.14285714285717,378.14285714285717,196.8
2020-02-16,6,1,22.166666666666668,19.541666666666668,23.3,0.016666666666666666,0.16666666666666666,5,6,2,1,7,599.0,524.0,448.0,3.0,129.0,373.57142857142856,369.35714285714283,196.03333333333333
2020-02-17,390,133,17.28205128205128,20.31297435897436,24.02179487179487,0.17825641025641026,0.34102564102564104,257,0,2,0,8,6.0,599.0,524.0,1.0,3.0,429.14285714285717,397.0,209.0
2020-02-18,287,67,19.21951219512195,20.37780487804878,24.00766550522648,0.19149825783972127,0.23344947735191637,220,1,2,0,8,390.0,6.0,599.0,462.0,404.0,404.14285714285717,388.64285714285717,217.93333333333334
2020-02-19,221,74,17.470588235294116,20.219819004524886,23.962443438914026,0.15565610859728507,0.334841628959276,147,2,2,0,8,287.0,390.0,6.0,575.0,573.0,353.57142857142856,363.5,225.03333333333333
2020-02-20,438,136,16.682648401826484,20.549200913242007,24.23972602739726,0.1430365296803653,0.3105022831050228,302,3,2,0,8,221.0,287.0,390.0,448.0,394.0,352.14285714285717,366.64285714285717,239.43333333333334
2020-02-21,475,160,16.65473684210526,20.249852631578946,23.841894736842104,0.17576842105263157,0.3368421052631579,315,4,2,0,8,438.0,221.0,287.0,524.0,454.0,345.14285714285717,368.14285714285717,254.76666666666668
2020-02-22,7,2,10.428571428571429,18.794285714285714,22.057142857142857,0.47428571428571425,0.2857142857142857,5,5,2,1,8,475.0,438.0,221.0,599.0,725.0,260.57142857142856,316.85714285714283,254.56666666666666
2020-02-23,9,3,13.0,21.727777777777778,25.144444444444446,0.3622222222222222,0.3333333333333333,6,6,2,1,8,7.0,475.0,438.0,6.0,3.0,261.0,317.2857142857143,254.5
2020-02-24,550,193,16.445454545454545,20.368363636363636,23.80109090909091,0.1807090909090909,0.3509090909090909,357,0,2,0,9,9.0,7.0,475.0,390.0,1.0,283.85714285714283,356.5,272.5
2020-02-25,628,196,17.320063694267517,20.63391719745223,24.260828025477707,0.19818471337579618,0.31210191082802546,432,1,2,0,9,550.0,9.0,7.0,287.0,462.0,332.57142857142856,368.35714285714283,292.8333333333333
2020-02-26,436,135,16.337155963302752,20.18369266055046,23.884633027522938,0.2003211009174312,0.30963302752293576,301,2,2,0,9,628.0,550.0,9.0,221.0,575.0,363.2857142857143,358.42857142857144,306.6666666666667
2020-02-27,525,176,17.295238095238094,20.389657142857143,23.91580952380952,0.1955047619047619,0.3352380952380952,349,3,2,0,9,436.0,628.0,550.0,438.0,448.0,375.7142857142857,363.92857142857144,323.56666666666666
2020-02-28,610,191,17.19016393442623,20.219688524590165,23.912622950819674,0.1683934426229508,0.31311475409836065,419,4,2,0,9,525.0,436.0,628.0,475.0,524.0,395.0,370.07142857142856,340.9
2020-02-29,11,4,18.272727272727273,19.325454545454544,22.59090909090909,0.13363636363636364,0.36363636363636365,7,5,2,1,9,610.0,525.0,436.0,7.0,599.0,395.57142857142856,328.07142857142856,336.43333333333334
2020-03-01,5,1,33.0,21.852,25.580000000000002,0.02,0.2,4,6,3,1,9,11.0,610.0,525.0,9.0,6.0,395.0,328.0,333.43333333333334
2020-03-02,216,65,16.689814814814813,20.525462962962962,24.268981481481482,0.13962962962962963,0.30092592592592593,151,0,3,0,10,5.0,11.0,610.0,550.0,390.0,347.2857142857143,315.57142857142856,336.93333333333334
2020-03-03,695,207,17.423021582733814,20.282705035971222,24.00676258992806,0.1705611510791367,0.29784172661870506,488,1,3,0,10,216.0,5.0,11.0,628.0,287.0,356.85714285714283,344.7142857142857,355.8
2020-03-04,455,159,18.004395604395604,20.530395604395604,24.32021978021978,0.1843956043956044,0.34945054945054943,296,2,3,0,10,695.0,216.0,5.0,436.0,221.0,359.57142857142856,361.42857142857144,370.8666666666667
2020-03-05,374,112,16.925133689839573,20.141122994652406,23.67085561497326,0.18200534759358292,0.2994652406417112,262,3,3,0,10,455.0,695.0,216.0,525.0,438.0,338.0,356.85714285714283,369.8666666666667
2020-03-06,578,175,17.835640138408305,20.33773356401384,24.024740484429064,0.18634948096885812,0.3027681660899654,403,4,3,0,10,374.0,455.0,695.0,610.0,475.0,333.42857142857144,364.2142857142857,370.03333333333336
2020-03-07,44,17,13.545454545454545,21.430454545454545,24.897727272727273,0.12954545454545455,0.38636363636363635,27,5,3,1,10,578.0,374.0,455.0,11.0,7.0,338.14285714285717,366.85714285714283,358.3666666666667
2020-03-08,6,2,12.5,19.944999999999997,23.416666666666668,0.11,0.3333333333333333,4,6,3,1,10,44.0,578.0,374.0,5.0,9.0,338.2857142857143,366.64285714285717,343.43333333333334
2020-03-09,191,57,16.151832460732983,20.247277486910995,23.868586387434554,0.1594764397905759,0.29842931937172773,134,0,3,0,11,6.0,44.0,578.0,216.0,550.0,334.7142857142857,341.0,325.6333333333333
2020-03-10,308,111,17.724025974025974,20.074415584415586,23.65616883116883,0.17396103896103896,0.36038961038961037,197,1,3,0,11,191.0,6.0,44.0,695.0,628.0,279.42857142857144,318.14285714285717,335.8
2020-03-11,220,67,16.98181818181818,20.318227272727274,24.12818181818182,0.1625,0.30454545454545456,153,2,3,0,11,308.0,191.0,6.0,455.0,436.0,245.85714285714286,302.7142857142857,343.1
2020-03-12,274,80,17.525547445255473,20.479525547445256,24.013138686131388,0.1809124087591241,0.291970802919708,194,3,3,0,11,220.0,308.0,191.0,374.0,525.0,231.57142857142858,284.7857142857143,336.8333333333333
2020-03-13,417,136,16.74580335731415,20.43702637889688,24.169304556354916,0.18369304556354915,0.3261390887290168,281,4,3,0,11,274.0,220.0,308.0,578.0,610.0,208.57142857142858,271.0,331.56666666666666
2020-03-14,321,107,18.35202492211838,20.614236760124612,24.305919003115264,0.15109034267912771,0.3333333333333333,214,5,3,1,11,417.0,274.0,220.0,44.0,11.0,248.14285714285714,293.14285714285717,327.3333333333333
2020-03-15,198,59,17.964646464646464,20.321363636363635,23.896464646464647,0.18,0.29797979797979796,139,6,3,1,11,321.0,417.0,274.0,6.0,5.0,275.57142857142856,306.92857142857144,316.46666666666664
2020-03-16,363,107,17.738292011019283,20.627272727272725,24.49944903581267,0.20294765840220386,0.29476584022038566,256,0,3,0,12,198.0,321.0,417.0,191.0,216.0,300.14285714285717,317.42857142857144,308.6
2020-03-17,148,42,17.527027027027028,20.46141891891892,24.25945945945946,0.2137162162162162,0.28378378378378377,106,1,3,0,12,363.0,198.0,321.0,308.0,695.0,277.2857142857143,278.35714285714283,313.3333333333333
2020-03-18,210,69,16.785714285714285,20.770619047619046,24.485238095238092,0.1667142857142857,0.32857142857142857,141,2,3,0,12,148.0,363.0,198.0,220.0,455.0,275.85714285714283,260.85714285714283,307.3333333333333
2020-03-19,7,1,24.571428571428573,20.381428571428568,23.985714285714288,0.03142857142857143,0.14285714285714285,6,3,3,0,12,210.0,148.0,363.0,274.0,374.0,237.71428571428572,234.64285714285714,298.0
2020-03-20,3,3,10.0,19.576666666666668,25.099999999999998,0.1366666666666667,1.0,0,4,3,0,12,7.0,210.0,148.0,417.0,578.0,178.57142857142858,193.57142857142858,290.73333333333335
2020-03-21,246,72,17.650406504065042,20.279268292682925,23.791869918699188,0.19345528455284555,0.2926829268292683,174,5,3,1,12,3.0,7.0,210.0,321.0,44.0,167.85714285714286,208.0,284.3333333333333
2020-03-22,222,64,16.94144144144144,20.457747747747746,24.144594594594597,0.18590090090090092,0.2882882882882883,158,6,3,1,12,246.0,3.0,7.0,198.0,6.0,171.28571428571428,223.42857142857142,275.9
2020-03-23,431,124,17.466357308584687,20.377633410672853,24.12204176334107,0.20415313225058004,0.2877030162412993,307,0,3,0,13,222.0,246.0,3.0,363.0,191.0,181.0,240.57142857142858,290.03333333333336
2020-03-24,287,92,16.662020905923345,20.042334494773517,23.822648083623694,0.1621951219512195,0.3205574912891986,195,1,3,0,13,431.0,222.0,246.0,148.0,308.0,200.85714285714286,239.07142857142858,299.3
2020-03-25,369,146,17.7289972899729,20.57620596205962,24.192140921409212,0.1948238482384824,0.3956639566395664,223,2,3,0,13,287.0,431.0,222.0,210.0,220.0,223.57142857142858,249.71428571428572,293.26666666666665
2020-03-26,8,3,35.625,21.95375,25.8375,0.09625,0.375,5,3,3,0,13,369.0,287.0,431.0,7.0,274.0,223.71428571428572,230.71428571428572,272.6
2020-03-27,8,1,15.125,21.27,24.7125,0.1575,0.125,7,4,3,0,13,8.0,369.0,287.0,3.0,417.0,224.42857142857142,201.5,258.3333333333333
2020-03-28,481,164,16.95218295218295,20.10844074844075,23.67609147609148,0.18130977130977133,0.340956340956341,317,5,3,1,13,8.0,8.0,369.0,246.0,321.0,258.0,212.92857142857142,256.8666666666667
2020-03-29,599,183,18.115191986644408,20.354874791318863,23.9991652754591,0.18664440734557597,0.3055091819699499,416,6,3,1,13,481.0,8.0,8.0,222.0,198.0,311.85714285714283,241.57142857142858,256.5
2020-03-30,752,225,17.17154255319149,20.210505319148936,23.959707446808512,0.19538563829787234,0.2992021276595745,527,0,3,0,14,599.0,481.0,8.0,431.0,363.0,357.7142857142857,269.35714285714283,281.2
2020-03-31,360,130,18.575,20.574444444444445,24.42583333333333,0.18466666666666667,0.3611111111111111,230,1,3,0,14,752.0,599.0,481.0,287.0,148.0,368.14285714285717,284.5,293.03333333333336
2020-04-01,667,191,15.47976011994003,20.313163418290852,23.979160419790105,0.20317841079460272,0.2863568215892054,476,2,4,0,14,360.0,752.0,599.0,369.0,210.0,410.7142857142857,317.14285714285717,308.06666666666666
2020-04-02,6,1,16.0,17.821666666666665,22.150000000000002,0.06500000000000002,0.16666666666666666,5,3,4,0,14,667.0,360.0,752.0,8.0,7.0,410.42857142857144,317.07142857142856,285.1
2020-04-03,1,1,8.0,27.25,29.9,0.26,1.0,0,4,4,0,14,6.0,667.0,360.0,8.0,3.0,409.42857142857144,316.92857142857144,269.96666666666664
2020-04-04,894,293,17.42393736017897,20.415604026845635,24.065883668903805,0.17322147651006714,0.3277404921700224,601,5,4,1,14,1.0,6.0,667.0,481.0,246.0,468.42857142857144,363.2142857142857,287.3
2020-04-05,521,166,16.779270633397314,20.200479846449138,23.735124760076776,0.20387715930902112,0.31861804222648754,355,6,4,1,14,894.0,1.0,6.0,599.0,222.0,457.2857142857143,384.57142857142856,285.4
2020-04-06,830,263,17.612048192771084,20.494710843373493,24.20686746987952,0.1934578313253012,0.3168674698795181,567,0,4,0,15,521.0,894.0,1.0,752.0,431.0,468.42857142857144,413.07142857142856,311.6
2020-04-07,415,134,17.70602409638554,20.368289156626506,24.130361445783134,0.20272289156626505,0.3228915662650602,281,1,4,0,15,830.0,521.0,894.0,360.0,287.0,476.2857142857143,422.2142857142857,325.23333333333335
2020-04-08,447,141,15.894854586129753,20.37559284116331,24.04944071588367,0.18035794183445192,0.31543624161073824,306,2,4,0,15,415.0,830.0,521.0,667.0,369.0,444.85714285714283,427.7857142857143,333.76666666666665
2020-04-09,6,3,10.5,20.203333333333333,21.983333333333334,0.06999999999999999,0.5,3,3,4,0,15,447.0,415.0,830.0,6.0,8.0,444.85714285714283,427.64285714285717,323.7
2020-04-10,1,0,15.0,14.67,16.4,0.0,0.0,1,4,4,0,15,6.0,447.0,415.0,1.0,8.0,444.85714285714283,427.14285714285717,316.4
2020-04-11,613,193,17.205546492659053,20.280407830342575,23.916965742251225,0.163278955954323,0.31484502446982054,420,5,4,1,15,1.0,6.0,447.0,894.0,481.0,404.7142857142857,436.57142857142856,327.7
2020-04-12,421,124,16.819477434679335,20.18249406175772,23.870071258907362,0.17128266033254155,0.29453681710213775,297,6,4,1,15,613.0,1.0,6.0,521.0,599.0,390.42857142857144,423.85714285714283,327.8333333333333
2020-04-13,710,224,16.67887323943662,20.35630985915493,24.10718309859155,0.18981690140845073,0.3154929577464789,486,0,4,0,16,421.0,613.0,1.0,830.0,752.0,373.2857142857143,420.85714285714283,340.8
2020-04-14,420,132,17.02857142857143,20.333357142857142,23.964761904761907,0.18057142857142858,0.3142857142857143,288,1,4,0,16,710.0,421.0,613.0,415.0,360.0,374.0,425.14285714285717,348.2
2020-04-15,327,116,17.464831804281346,20.644311926605504,24.281957186544343,0.18718654434250764,0.3547400611620795,211,2,4,0,16,420.0,710.0,421.0,447.0,667.0,356.85714285714283,400.85714285714283,347.0
2020-04-16,7,2,15.571428571428571,19.011428571428574,22.32857142857143,1.0085714285714287,0.2857142857142857,5,3,4,0,16,327.0,420.0,710.0,6.0,6.0,357.0,400.92857142857144,342.3
2020-04-17,704,216,17.798295454545453,20.20478693181818,23.891051136363636,0.174375,0.3068181818181818,488,4,4,0,16,7.0,327.0,420.0,1.0,1.0,457.42857142857144,451.14285714285717,358.76666666666665
2020-04-18,575,187,16.723478260869566,20.36213913043478,23.92086956521739,0.2013913043478261,0.32521739130434785,388,5,4,1,16,704.0,7.0,327.0,613.0,894.0,452.0,428.35714285714283,377.7
2020-04-19,701,235,17.064194008559202,20.180470756062768,23.975035663338087,0.1801997146932953,0.33523537803138376,466,6,4,1,16,575.0,704.0,7.0,421.0,521.0,492.0,441.2142857142857,400.96666666666664
2020-04-20,795,269,16.782389937106917,20.375647798742136,23.96893081761006,0.1778616352201258,0.3383647798742138,526,0,4,0,17,701.0,575.0,704.0,710.0,830.0,504.14285714285717,438.7142857142857,419.26666666666665
2020-04-21,628,187,16.963375796178344,20.25641719745223,23.81066878980892,0.17977707006369428,0.29777070063694266,441,1,4,0,17,795.0,701.0,575.0,420.0,415.0,533.8571428571429,453.92857142857144,432.8
2020-04-22,40,18,15.0,21.20825,24.5875,0.23000000000000004,0.45,22,2,4,0,17,628.0,795.0,701.0,327.0,447.0,492.85714285714283,424.85714285714283,419.76666666666665
2020-04-23,28,9,17.642857142857142,20.249642857142856,24.103571428571428,0.18,0.32142857142857145,19,3,4,0,17,40.0,628.0,795.0,7.0,6.0,495.85714285714283,426.42857142857144,411.1333333333333
2020-04-24,639,222,16.96400625978091,20.560312989045386,24.153990610328638,0.1598435054773083,0.3474178403755869,417,4,4,0,17,28.0,40.0,628.0,704.0,1.0,486.57142857142856,472.0,420.1333333333333
2020-04-25,476,156,17.491596638655462,20.44436974789916,24.069957983193277,0.19376050420168067,0.3277310924369748,320,5,4,1,17,639.0,28.0,40.0,575.0,613.0,472.42857142857144,462.2142857142857,435.73333333333335
2020-04-26,610,210,17.572131147540983,20.332278688524593,24.00704918032787,0.1885737704918033,0.3442622950819672,400,6,4,1,17,476.0,639.0,28.0,701.0,421.0,459.42857142857144,475.7142857142857,455.8
2020-04-27,391,140,17.925831202046037,19.927314578005117,23.560869565217388,0.1651150895140665,0.35805626598465473,251,0,4,0,18,610.0,476.0,639.0,795.0,710.0,401.7142857142857,452.92857142857144,452.8
2020-04-28,516,153,16.281007751937985,20.65540697674419,24.41782945736434,0.19852713178294573,0.29651162790697677,363,1,4,0,18,391.0,610.0,476.0,628.0,420.0,385.7142857142857,459.7857142857143,450.03333333333336
2020-04-29,6,2,22.333333333333332,20.30333333333333,22.3,0.43333333333333335,0.3333333333333333,4,2,4,0,18,516.0,391.0,610.0,40.0,327.0,380.85714285714283,436.85714285714283,425.1666666666667
2020-04-30,647,181,17.476043276661514,20.1964914992272,23.815455950540958,0.15479134466769706,0.2797527047913447,466,3,4,0,18,6.0,516.0,391.0,28.0,7.0,469.2857142857143,482.57142857142856,434.73333333333335
2020-05-01,600,191,16.475,20.480966666666667,24.0815,0.1885,0.31833333333333336,409,4,5,0,18,647.0,6.0,516.0,639.0,704.0,463.7142857142857,475.14285714285717,432.5
2020-05-02,789,258,16.732572877059567,20.320367553865655,24.025348542458808,0.18338403041825094,0.3269961977186312,531,5,5,1,18,600.0,647.0,6.0,476.0,575.0,508.42857142857144,490.42857142857144,458.6
2020-05-03,594,206,16.983164983164983,20.747138047138044,24.405892255892258,0.18525252525252525,0.3468013468013468,388,6,5,1,18,789.0,600.0,647.0,610.0,701.0,506.14285714285717,482.7857142857143,478.3666666666667
2020-05-04,484,156,17.820247933884296,20.423161157024794,24.11880165289256,0.15076446280991734,0.32231404958677684,328,0,5,0,19,594.0,789.0,600.0,391.0,795.0,519.4285714285714,460.57142857142856,464.7
2020-05-05,7,4,24.428571428571427,18.782857142857143,22.342857142857145,0.5971428571428571,0.5714285714285714,3,1,5,0,19,484.0,594.0,789.0,516.0,628.0,446.7142857142857,416.2142857142857,447.56666666666666
2020-05-06,2,0,9.0,16.86,23.299999999999997,0.0,0.0,2,2,5,0,19,7.0,484.0,594.0,6.0,40.0,446.14285714285717,413.5,419.96666666666664
2020-05-07,567,176,17.393298059964728,20.14645502645503,23.729453262786596,0.16968253968253968,0.31040564373897706,391,3,5,0,19,2.0,7.0,484.0,647.0,28.0,434.7142857142857,452.0,425.03333333333336
2020-05-08,400,136,16.3675,19.912675,23.70925,0.18245,0.34,264,4,5,0,19,567.0,2.0,7.0,600.0,639.0,406.14285714285717,434.92857142857144,423.46666666666664
2020-05-09,462,142,17.48917748917749,20.3432683982684,24.022943722943722,0.18203463203463202,0.30735930735930733,320,5,5,1,19,400.0,567.0,2.0,789.0,476.0,359.42857142857144,433.92857142857144,438.6666666666667
2020-05-10,360,115,17.011111111111113,20.21061111111111,23.93388888888889,0.17244444444444443,0.3194444444444444,245,6,5,1,19,462.0,400.0,567.0,594.0,610.0,326.0,416.07142857142856,450.6333333333333
2020-05-11,368,120,17.89945652173913,20.31375,23.907065217391303,0.18763586956521738,0.32608695652173914,248,0,5,0,20,360.0,462.0,400.0,484.0,391.0,309.42857142857144,414.42857142857144,442.46666666666664
2020-05-12,45,12,14.911111111111111,19.938222222222223,23.326666666666668,0.37599999999999995,0.26666666666666666,33,1,5,0,20,368.0,360.0,462.0,7.0,516.0,314.85714285714283,380.7857142857143,429.93333333333334
2020-05-13,10,0,16.3,21.509,24.69,0.265,0.0,10,2,5,0,20,45.0,368.0,360.0,2.0,6.0,316.0,381.07142857142856,406.6
2020-05-14,232,67,18.603448275862068,20.243750000000002,23.986206896551725,0.14810344827586205,0.28879310344827586,165,3,5,0,20,10.0,45.0,368.0,567.0,647.0,268.14285714285717,351.42857142857144,400.3333333333333
2020-05-15,203,60,18.817733990147783,20.09256157635468,23.547783251231525,0.1974384236453202,0.2955665024630542,143,4,5,0,20,232.0,10.0,45.0,400.0,600.0,240.0,323.07142857142856,396.2
2020-05-16,258,95,17.848837209302324,20.359496124031008,23.899224806201552,0.1618217054263566,0.3682170542635659,163,5,5,1,20,203.0,232.0,10.0,462.0,789.0,210.85714285714286,285.14285714285717,404.56666666666666
2020-05-17,147,58,15.843537414965986,20.12925170068027,23.882312925170066,0.18605442176870748,0.3945578231292517,89,6,5,1,20,258.0,203.0,232.0,360.0,594.0,180.42857142857142,253.21428571428572,386.0
2020-05-18,154,45,14.772727272727273,20.33168831168831,23.833766233766234,0.2394155844155844,0.2922077922077922,109,0,5,0,21,147.0,258.0,203.0,368.0,484.0,149.85714285714286,229.64285714285714,371.96666666666664
2020-05-19,11,3,17.363636363636363,20.235454545454544,23.472727272727273,0.4027272727272727,0.2727272727272727,8,1,5,0,21,154.0,147.0,258.0,45.0,7.0,145.0,229.92857142857142,348.96666666666664
2020-05-20,2,1,15.5,17.26,20.35,0.055,0.5,1,2,5,0,21,11.0,154.0,147.0,10.0,2.0,143.85714285714286,229.92857142857142,322.53333333333336
2020-05-21,99,28,15.585858585858587,20.966060606060605,24.613131313131312,0.27575757575757576,0.2828282828282828,71,3,5,0,21,2.0,11.0,154.0,232.0,567.0,124.85714285714286,196.5,304.9
2020-05-22,77,22,18.064935064935064,20.124675324675323,23.709090909090907,0.1648051948051948,0.2857142857142857,55,4,5,0,21,99.0,2.0,11.0,203.0,400.0,106.85714285714286,173.42857142857142,306.1333333333333
2020-05-23,81,41,15.88888888888889,20.56222222222222,24.8,0.1276543209876543,0.5061728395061729,40,5,5,1,21,77.0,99.0,2.0,258.0,462.0,81.57142857142857,146.21428571428572,307.9
2020-05-24,19,5,12.736842105263158,21.616315789473685,25.489473684210527,0.35368421052631577,0.2631578947368421,14,6,5,1,21,81.0,77.0,99.0,147.0,360.0,63.285714285714285,121.85714285714286,287.23333333333335
2020-05-25,44,19,15.318181818181818,20.068863636363634,24.079545454545453,0.2290909090909091,0.4318181818181818,25,0,5,0,22,19.0,81.0,77.0,154.0,368.0,47.57142857142857,98.71428571428571,272.8333333333333
2020-05-26,1,0,12.0,19.77,26.9,0.0,0.0,1,1,5,0,22,44.0,19.0,81.0,11.0,45.0,46.142857142857146,95.57142857142857,252.53333333333333
2020-05-27,3,1,14.333333333333334,22.173333333333336,27.53333333333333,0.0,0.3333333333333333,2,2,5,0,22,1.0,44.0,19.0,2.0,10.0,46.285714285714285,95.07142857142857,239.6
2020-05-28,63,21,17.952380952380953,20.0584126984127,23.926984126984127,0.1784126984126984,0.3333333333333333,42,3,5,0,22,3.0,1.0,44.0,99.0,232.0,41.142857142857146,83.0,224.5
2020-05-29,53,14,16.67924528301887,20.130943396226417,23.543396226415094,0.12849056603773584,0.2641509433962264,39,4,5,0,22,63.0,3.0,1.0,77.0,203.0,37.714285714285715,72.28571428571429,226.06666666666666
2020-05-30,27,10,19.037037037037038,20.530370370370374,24.41111111111111,0.1488888888888889,0.37037037037037035,17,5,5,1,22,53.0,63.0,3.0,81.0,258.0,30.0,55.785714285714285,205.4
2020-05-31,14,8,12.142857142857142,20.580000000000002,24.97142857142857,0.105,0.5714285714285714,6,6,5,1,22,27.0,53.0,63.0,19.0,147.0,29.285714285714285,46.285714285714285,185.86666666666667
2020-06-01,28,13,14.678571428571429,19.568571428571428,23.50714285714286,0.18178571428571427,0.4642857142857143,15,0,6,0,23,14.0,27.0,53.0,44.0,154.0,27.0,37.285714285714285,160.5
2020-06-02,349,111,18.5243553008596,20.045329512893982,23.900573065902577,0.14240687679083094,0.31805157593123207,238,1,6,0,23,28.0,14.0,27.0,1.0,11.0,76.71428571428571,61.42857142857143,152.33333333333334
2020-06-03,213,72,17.55399061032864,20.19173708920188,24.034272300469485,0.21375586854460094,0.3380281690140845,141,2,6,0,23,349.0,28.0,14.0,3.0,2.0,106.71428571428571,76.5,143.3
2020-06-04,265,94,16.88679245283019,20.20588679245283,24.152075471698115,0.1580754716981132,0.35471698113207545,171,3,6,0,23,213.0,349.0,28.0,63.0,99.0,135.57142857142858,88.35714285714286,151.9
2020-06-05,88,27,15.840909090909092,20.724545454545453,24.48409090909091,0.1756818181818182,0.3068181818181818,61,4,6,0,23,265.0,213.0,349.0,53.0,77.0,140.57142857142858,89.14285714285714,154.76666666666668
2020-06-06,145,44,16.627586206896552,19.72655172413793,23.24206896551724,0.19413793103448274,0.30344827586206896,101,5,6,1,23,88.0,265.0,213.0,27.0,81.0,157.42857142857142,93.71428571428571,140.7
2020-06-07,5,1,28.8,19.0,22.4,0.028000000000000004,0.2,4,6,6,1,23,145.0,88.0,265.0,14.0,19.0,156.14285714285714,92.71428571428571,127.53333333333333
2020-06-08,13,2,22.53846153846154,19.165384615384617,24.407692307692308,0.03076923076923077,0.15384615384615385,11,0,6,0,24,5.0,145.0,88.0,28.0,44.0,154.0,90.5,112.56666666666666
2020-06-09,503,170,18.089463220675945,20.40709741550696,24.229423459244533,0.18345924453280318,0.3379721669980119,333,1,6,0,24,13.0,5.0,145.0,349.0,1.0,176.0,126.35714285714286,117.33333333333333
2020-06-10,542,177,16.634686346863468,20.12171586715867,23.866605166051663,0.19411439114391144,0.32656826568265684,365,2,6,0,24,503.0,13.0,5.0,213.0,3.0,223.0,164.85714285714286,123.13333333333334
2020-06-11,629,209,18.02543720190779,20.41550079491256,24.107949125596186,0.18209856915739267,0.3322734499205087,420,3,6,0,24,542.0,503.0,13.0,265.0,63.0,275.0,205.28571428571428,142.6
2020-06-12,390,122,17.476923076923075,20.198897435897436,23.69102564102564,0.16176923076923078,0.3128205128205128,268,4,6,0,24,629.0,542.0,503.0,88.0,53.0,318.14285714285717,229.35714285714286,155.26666666666668
2020-06-13,682,210,17.44281524926686,20.447492668621702,24.084310850439884,0.17983870967741936,0.30791788856304986,472,5,6,1,24,390.0,629.0,542.0,145.0,27.0,394.85714285714283,276.14285714285717,170.26666666666668
2020-06-14,16,3,10.5,20.841875,25.61875,0.324375,0.1875,13,6,6,1,24,682.0,390.0,629.0,5.0,14.0,396.42857142857144,276.2857142857143,164.03333333333333
2020-06-15,7,1,24.0,20.577142857142857,26.685714285714287,0.06714285714285714,0.14285714285714285,6,0,6,0,25,16.0,682.0,390.0,13.0,28.0,395.57142857142856,274.7857142857143,155.66666666666666
2020-06-16,237,84,17.90717299578059,20.403164556962025,24.09535864978903,0.16641350210970463,0.35443037974683544,153,1,6,0,25,7.0,16.0,682.0,503.0,349.0,357.57142857142856,266.7857142857143,158.66666666666666
2020-06-17,375,126,16.536,20.005226666666665,23.60986666666667,0.19269333333333336,0.336,249,2,6,0,25,237.0,7.0,16.0,542.0,213.0,333.7142857142857,278.35714285714283,166.03333333333333
2020-06-18,354,127,19.35593220338983,20.66446327683616,24.20508474576271,0.2186440677966102,0.3587570621468927,227,3,6,0,25,375.0,237.0,7.0,629.0,265.0,294.42857142857144,284.7142857142857,177.46666666666667
2020-06-19,169,68,18.75147928994083,20.41834319526627,24.175147928994082,0.18071005917159763,0.40236686390532544,101,4,6,0,25,354.0,375.0,237.0,390.0,88.0,262.85714285714283,290.5,183.03333333333333
2020-06-20,452,135,18.31858407079646,20.433539823008847,24.169469026548672,0.18871681415929203,0.29867256637168144,317,5,6,1,25,169.0,354.0,375.0,682.0,145.0,230.0,312.42857142857144,194.8
2020-06-21,6,3,29.333333333333332,19.921666666666667,24.45,0.13999999999999999,0.5,3,6,6,1,25,452.0,169.0,354.0,16.0,5.0,228.57142857142858,312.5,192.43333333333334
2020-06-22,603,174,17.53067993366501,20.23117744610282,23.876285240464345,0.17106135986733004,0.2885572139303483,429,0,6,0,26,6.0,452.0,169.0,7.0,13.0,313.7142857142857,354.64285714285717,209.83333333333334
2020-06-23,440,124,16.972727272727273,20.53575,24.153181818181817,0.15874999999999997,0.2818181818181818,316,1,6,0,26,603.0,6.0,452.0,237.0,503.0,342.7142857142857,350.14285714285717,223.86666666666667
2020-06-24,563,156,17.05150976909414,20.28010657193606,23.91261101243339,0.16571936056838366,0.27708703374777977,407,2,6,0,26,440.0,603.0,6.0,375.0,542.0,369.57142857142856,351.64285714285717,241.16666666666666
2020-06-25,403,126,16.210918114143922,20.260347394540943,23.883374689826304,0.20042183622828783,0.31265508684863524,277,3,6,0,26,563.0,440.0,603.0,354.0,629.0,376.57142857142856,335.5,254.56666666666666
2020-06-26,426,149,16.093896713615024,20.29272300469484,24.325352112676057,0.18619718309859157,0.34976525821596244,277,4,6,0,26,403.0,563.0,440.0,169.0,390.0,413.2857142857143,338.07142857142856,268.6666666666667
2020-06-27,6,1,14.833333333333334,22.195000000000004,25.75,0.08333333333333333,0.16666666666666666,5,5,6,1,26,426.0,403.0,563.0,452.0,682.0,349.57142857142856,289.7857142857143,266.76666666666665
2020-06-28,243,95,18.337448559670783,20.280576131687244,23.79135802469136,0.21403292181069958,0.39094650205761317,148,6,6,1,26,6.0,426.0,403.0,6.0,16.0,383.42857142857144,306.0,273.1
2020-06-29,355,109,18.23098591549296,20.282112676056336,23.87774647887324,0.17428169014084507,0.30704225352112674,246,0,6,0,27,243.0,6.0,426.0,603.0,7.0,348.0,330.85714285714283,284.03333333333336
2020-06-30,278,72,17.12589928057554,20.63546762589928,24.123741007194244,0.14510791366906473,0.2589928057553957,206,1,6,0,27,355.0,243.0,6.0,440.0,237.0,324.85714285714283,333.7857142857143,292.8333333333333
2020-07-01,250,71,18.392,20.440279999999998,24.4268,0.16691999999999999,0.284,179,2,7,0,27,278.0,355.0,243.0,563.0,375.0,280.14285714285717,324.85714285714283,300.23333333333335
2020-07-02,247,76,18.02834008097166,20.847935222672064,24.503643724696357,0.18785425101214576,0.3076923076923077,171,3,7,0,27,250.0,278.0,355.0,403.0,354.0,257.85714285714283,317.2142857142857,296.8333333333333
2020-07-03,5,1,23.4,19.146,22.860000000000003,0.404,0.2,4,4,7,0,27,247.0,250.0,278.0,426.0,169.0,197.71428571428572,305.5,289.9
2020-07-04,559,183,16.651162790697676,20.341824686940967,23.876923076923077,0.17772808586762073,0.32737030411449014,376,5,7,1,27,5.0,247.0,250.0,6.0,452.0,276.7142857142857,313.14285714285717,299.7
2020-07-05,693,220,17.551226551226552,20.36717171717172,24.10923520923521,0.16920634920634922,0.31746031746031744,473,6,7,1,27,559.0,5.0,247.0,243.0,6.0,341.0,362.2142857142857,319.8666666666667
2020-07-06,696,232,17.53448275862069,20.302557471264368,23.93505747126437,0.17113505747126437,0.3333333333333333,464,0,7,0,28,693.0,559.0,5.0,355.0,603.0,389.7142857142857,368.85714285714283,338.23333333333335
2020-07-07,397,120,17.5088161209068,20.47544080604534,24.253400503778337,0.16065491183879094,0.3022670025188917,277,1,7,0,28,696.0,693.0,559.0,278.0,440.0,406.7142857142857,365.7857142857143,351.3
2020-07-08,589,177,16.71816638370119,20.50161290322581,24.06774193548387,0.18804753820033956,0.300509337860781,412,2,7,0,28,397.0,696.0,693.0,250.0,563.0,455.14285714285717,367.64285714285717,370.5
2020-07-09,5,0,21.0,19.978,24.240000000000002,0.254,0.0,5,3,7,0,28,589.0,397.0,696.0,247.0,403.0,420.57142857142856,339.2142857142857,353.9
2020-07-10,100,39,17.76,20.3293,24.029,0.1354,0.39,61,4,7,0,28,5.0,589.0,397.0,5.0,426.0,434.14285714285717,315.92857142857144,339.1666666666667
2020-07-11,139,51,16.0431654676259,20.54935251798561,24.10503597122302,0.14050359712230218,0.3669064748201439,88,5,7,1,28,100.0,5.0,589.0,559.0,6.0,374.14285714285717,325.42857142857144,322.8333333333333
2020-07-12,67,22,19.104477611940297,19.630149253731343,23.597014925373134,0.14059701492537313,0.3283582089552239,45,6,7,1,28,139.0,100.0,5.0,693.0,243.0,284.7142857142857,312.85714285714283,312.06666666666666
2020-07-13,55,21,19.618181818181817,20.39690909090909,24.318181818181817,0.208,0.38181818181818183,34,0,7,0,29,67.0,139.0,100.0,696.0,355.0,193.14285714285714,291.42857142857144,291.1666666666667
2020-07-14,94,34,17.340425531914892,20.2181914893617,23.619148936170212,0.25053191489361704,0.3617021276595745,60,1,7,0,29,55.0,67.0,139.0,397.0,278.0,149.85714285714286,278.2857142857143,293.76666666666665
2020-07-15,200,64,15.81,20.34485,24.0925,0.1594,0.32,136,2,7,0,29,94.0,55.0,67.0,589.0,250.0,94.28571428571429,274.7142857142857,300.2
2020-07-16,270,88,16.696296296296296,20.15137037037037,23.697037037037035,0.14674074074074073,0.32592592592592595,182,3,7,0,29,200.0,94.0,55.0,5.0,247.0,132.14285714285714,276.35714285714283,301.3
2020-07-17,363,124,17.333333333333332,20.391735537190083,23.93801652892562,0.16269972451790635,0.3415977961432507,239,4,7,0,29,270.0,200.0,94.0,100.0,5.0,169.71428571428572,301.92857142857144,300.9
2020-07-18,253,81,16.462450592885375,20.453873517786562,24.055335968379445,0.1833596837944664,0.3201581027667984,172,5,7,1,29,363.0,270.0,200.0,139.0,559.0,186.0,280.07142857142856,297.53333333333336
2020-07-19,259,91,18.62162162162162,20.746254826254827,24.206177606177604,0.15239382239382238,0.35135135135135137,168,6,7,1,29,253.0,363.0,270.0,67.0,693.0,213.42857142857142,249.07142857142858,300.53333333333336
2020-07-20,40,12,12.2,20.878,24.7725,0.1305,0.3,28,0,7,0,30,259.0,253.0,363.0,55.0,696.0,211.28571428571428,202.21428571428572,286.8
2020-07-21,1,0,41.0,22.88,28.6,0.01,0.0,1,1,7,0,30,40.0,259.0,253.0,94.0,397.0,198.0,173.92857142857142,286.6333333333333
2020-07-22,3,2,13.333333333333334,20.826666666666668,25.03333333333333,0.0033333333333333335,0.6666666666666666,1,2,7,0,30,1.0,40.0,259.0,200.0,589.0,169.85714285714286,132.07142857142858,266.6333333333333
2020-07-23,1,1,18.0,18.61,20.1,2.38,1.0,0,3,7,0,30,3.0,1.0,40.0,270.0,5.0,131.42857142857142,131.78571428571428,252.0
2020-07-24,2,1,17.0,20.65,25.05,0.0,0.5,1,4,7,0,30,1.0,3.0,1.0,363.0,100.0,79.85714285714286,124.78571428571429,233.3
2020-07-25,4,2,10.25,21.002499999999998,24.799999999999997,0.0,0.5,2,5,7,1,30,2.0,1.0,3.0,253.0,139.0,44.285714285714285,115.14285714285714,220.0
2020-07-26,680,228,17.595588235294116,20.282514705882353,23.943823529411763,0.17673529411764705,0.3352941176470588,452,6,7,1,30,4.0,2.0,1.0,259.0,67.0,104.42857142857143,158.92857142857142,228.46666666666667
2020-07-27,968,339,17.423553719008265,20.34410123966942,24.114979338842975,0.16964876033057852,0.35020661157024796,629,0,7,0,31,680.0,4.0,2.0,40.0,55.0,237.0,224.14285714285714,260.53333333333336
2020-07-28,910,277,16.705494505494507,20.60264835164835,24.28131868131868,0.18460439560439562,0.30439560439560437,633,1,7,0,31,968.0,680.0,4.0,1.0,94.0,366.85714285714283,282.42857142857144,282.76666666666665
2020-07-29,494,156,17.469635627530366,20.324615384615385,24.181174089068826,0.18447368421052632,0.3157894736842105,338,2,7,0,31,910.0,968.0,680.0,3.0,200.0,437.0,303.42857142857144,287.4
2020-07-30,672,202,16.648809523809526,20.52559523809524,24.323511904761904,0.16641369047619048,0.3005952380952381,470,3,7,0,31,494.0,910.0,968.0,1.0,270.0,532.8571428571429,332.14285714285717,300.53333333333336
2020-07-31,27,6,16.37037037037037,21.424074074074074,24.45925925925926,0.3977777777777778,0.2222222222222222,21,4,7,0,31,672.0,494.0,910.0,2.0,363.0,536.4285714285714,308.14285714285717,293.1
2020-08-01,7,4,14.428571428571429,21.647142857142857,25.057142857142857,0.21428571428571427,0.5714285714285714,3,5,8,1,31,27.0,672.0,494.0,4.0,253.0,536.8571428571429,290.57142857142856,285.1
2020-08-02,234,85,18.017094017094017,20.519145299145297,23.932905982905982,0.21876068376068375,0.36324786324786323,149,6,8,1,31,7.0,27.0,672.0,680.0,259.0,473.14285714285717,288.7857142857143,292.73333333333335
2020-08-03,416,136,16.728365384615383,20.271802884615383,23.968509615384615,0.2099278846153846,0.3269230769230769,280,0,8,0,32,234.0,7.0,27.0,968.0,40.0,394.2857142857143,315.64285714285717,287.96666666666664
2020-08-04,336,109,17.672619047619047,20.25220238095238,23.92589285714286,0.178125,0.3244047619047619,227,1,8,0,32,416.0,234.0,7.0,910.0,1.0,312.2857142857143,339.57142857142856,276.06666666666666
2020-08-05,167,61,19.095808383233532,20.241377245508982,24.03952095808383,0.18652694610778442,0.3652694610778443,106,2,8,0,32,336.0,416.0,234.0,494.0,3.0,265.57142857142856,351.2857142857143,258.43333333333334
2020-08-06,564,177,16.21808510638298,20.282606382978724,23.903191489361703,0.15656028368794325,0.31382978723404253,387,3,8,0,32,167.0,336.0,416.0,672.0,1.0,250.14285714285714,391.5,264.0
2020-08-07,4,2,12.75,21.025,23.125,0.5275,0.5,2,4,8,0,32,564.0,167.0,336.0,27.0,2.0,246.85714285714286,391.64285714285717,244.5
2020-08-08,2,1,27.5,18.67,22.4,0.025,0.5,1,5,8,1,32,4.0,564.0,167.0,7.0,4.0,246.14285714285714,391.5,244.4
2020-08-09,49,18,21.06122448979592,20.73938775510204,24.89183673469388,0.21163265306122447,0.3673469387755102,31,6,8,1,32,2.0,4.0,564.0,234.0,680.0,219.71428571428572,346.42857142857144,242.7
2020-08-10,43,9,25.953488372093023,20.813488372093023,24.76511627906977,0.08581395348837209,0.20930232558139536,34,0,8,0,33,49.0,2.0,4.0,416.0,968.0,166.42857142857142,280.35714285714283,239.5
2020-08-11,39,16,18.384615384615383,20.315384615384612,23.266666666666666,0.10794871794871795,0.41025641025641024,23,1,8,0,33,43.0,49.0,2.0,336.0,910.0,124.0,218.14285714285714,238.56666666666666
2020-08-12,13,3,11.0,19.85923076923077,23.476923076923075,0.13923076923076924,0.23076923076923078,10,2,8,0,33,39.0,43.0,49.0,167.0,494.0,102.0,183.78571428571428,237.16666666666666
2020-08-13,31,6,24.612903225806452,20.37741935483871,24.041935483870965,0.12225806451612903,0.1935483870967742,25,3,8,0,33,13.0,39.0,43.0,564.0,672.0,25.857142857142858,138.0,235.06666666666666
2020-08-14,49,16,16.06122448979592,21.054489795918368,24.677551020408163,0.1153061224489796,0.32653061224489793,33,4,8,0,33,31.0,13.0,39.0,4.0,27.0,32.285714285714285,139.57142857142858,230.03333333333333
2020-08-15,9,3,17.333333333333332,19.64333333333333,23.322222222222223,0.23111111111111113,0.3333333333333333,6,5,8,1,33,49.0,31.0,13.0,2.0,7.0,33.285714285714285,139.71428571428572,221.33333333333334
2020-08-16,9,5,13.777777777777779,22.60222222222222,25.811111111111114,0.02333333333333333,0.5555555555555556,4,6,8,1,33,9.0,49.0,31.0,49.0,234.0,27.571428571428573,123.64285714285714,209.53333333333333
2020-08-17,3,1,39.0,20.263333333333332,24.066666666666666,0.06,0.3333333333333333,2,0,8,0,34,9.0,9.0,49.0,43.0,416.0,21.857142857142858,94.14285714285714,201.2
2020-08-18,12,5,17.5,20.37333333333333,24.258333333333336,0.15,0.4166666666666667,7,1,8,0,34,3.0,9.0,9.0,39.0,336.0,18.0,71.0,192.96666666666667
2020-08-19,9,1,25.0,18.935555555555556,21.955555555555556,0.06333333333333332,0.1111111111111111,8,2,8,0,34,12.0,3.0,9.0,13.0,167.0,17.428571428571427,59.714285714285715,191.93333333333334
2020-08-20,140,42,17.02857142857143,20.245428571428572,24.142857142857142,0.12878571428571428,0.3,98,3,8,0,34,9.0,12.0,3.0,31.0,564.0,33.0,29.428571428571427,196.56666666666666
2020-08-21,111,31,16.27027027027027,20.234954954954954,23.71171171171171,0.27684684684684685,0.27927927927927926,80,4,8,0,34,140.0,9.0,12.0,49.0,4.0,41.857142857142854,37.07142857142857,200.16666666666666
2020-08-22,103,31,17.339805825242717,20.910097087378638,24.83009708737864,0.1833980582524272,0.30097087378640774,72,5,8,1,34,111.0,140.0,9.0,9.0,2.0,55.285714285714285,44.285714285714285,203.56666666666666
2020-08-23,90,26,15.677777777777777,20.26388888888889,23.828888888888887,0.2252222222222222,0.28888888888888886,64,6,8,1,34,103.0,111.0,140.0,9.0,49.0,66.85714285714286,47.214285714285715,206.5
2020-08-24,149,49,14.026845637583893,20.406577181208053,24.291275167785237,0.19154362416107382,0.3288590604026846,100,0,8,0,35,90.0,103.0,111.0,3.0,43.0,87.71428571428571,54.785714285714285,211.33333333333334
2020-08-25,15,7,16.2,19.666666666666668,23.21333333333333,0.09333333333333332,0.4666666666666667,8,1,8,0,35,149.0,90.0,103.0,12.0,39.0,88.14285714285714,53.07142857142857,189.16666666666666
2020-08-26,21,6,15.714285714285714,20.00809523809524,23.385714285714286,0.09666666666666668,0.2857142857142857,15,2,8,0,35,15.0,149.0,90.0,9.0,13.0,89.85714285714286,53.642857142857146,157.6
2020-08-27,444,139,15.91891891891892,20.53527027027027,24.241666666666664,0.20583333333333334,0.3130630630630631,305,3,8,0,35,21.0,15.0,149.0,140.0,31.0,133.28571428571428,83.14285714285714,142.06666666666666
2020-08-28,271,88,17.653136531365313,20.620036900369,24.454243542435425,0.18793357933579335,0.3247232472324723,183,4,8,0,35,444.0,21.0,15.0,111.0,49.0,156.14285714285714,99.0,134.63333333333333
2020-08-29,417,124,17.388489208633093,20.061774580335733,23.83021582733813,0.20189448441247002,0.2973621103117506,293,5,8,1,35,271.0,444.0,21.0,103.0,9.0,201.0,128.14285714285714,126.13333333333334
2020-08-30,274,95,15.894160583941606,20.04733576642336,23.77700729927007,0.155985401459854,0.3467153284671533,179,6,8,1,35,417.0,271.0,444.0,90.0,9.0,227.28571428571428,147.07142857142858,134.36666666666667
2020-08-31,681,216,16.6079295154185,20.212628487518355,23.957709251101324,0.17312775330396477,0.31718061674008813,465,0,8,0,36,274.0,417.0,271.0,149.0,3.0,303.2857142857143,195.5,156.83333333333334
2020-09-01,39,9,15.435897435897436,20.314358974358974,24.17948717948718,0.24512820512820513,0.23076923076923078,30,1,9,0,36,681.0,274.0,417.0,15.0,12.0,306.7142857142857,197.42857142857142,150.33333333333334
2020-09-02,17,4,17.176470588235293,20.76,25.27058823529412,0.13882352941176473,0.23529411764705882,13,2,9,0,36,39.0,681.0,274.0,21.0,9.0,306.14285714285717,198.0,137.03333333333333
2020-09-03,515,156,18.03106796116505,20.177941747572813,23.951067961165048,0.18106796116504853,0.3029126213592233,359,3,9,0,36,17.0,39.0,681.0,444.0,140.0,316.2857142857143,224.78571428571428,143.0
2020-09-04,228,83,18.486842105263158,20.30087719298246,23.848684210526315,0.1423245614035088,0.36403508771929827,145,4,9,0,36,515.0,17.0,39.0,271.0,111.0,310.14285714285717,233.14285714285714,145.03333333333333
2020-09-05,179,59,18.150837988826815,20.510335195530725,24.033519553072626,0.17089385474860336,0.329608938547486,120,5,9,1,36,228.0,515.0,17.0,417.0,103.0,276.14285714285717,238.57142857142858,132.2
2020-09-06,248,84,17.298387096774192,20.648548387096774,24.41491935483871,0.1845967741935484,0.3387096774193548,164,6,9,1,36,179.0,228.0,515.0,274.0,90.0,272.42857142857144,249.85714285714286,140.33333333333334
2020-09-07,263,85,16.8212927756654,19.99444866920152,23.663498098859314,0.15224334600760456,0.3231939163498099,178,0,9,0,37,248.0,179.0,228.0,681.0,149.0,212.71428571428572,258.0,149.03333333333333
2020-09-08,16,8,17.75,19.204375,23.0375,0.07375,0.5,8,1,9,0,37,263.0,248.0,179.0,39.0,15.0,209.42857142857142,258.07142857142856,147.93333333333334
2020-09-09,9,4,17.0,20.18111111111111,23.944444444444443,0.1622222222222222,0.4444444444444444,5,2,9,0,37,16.0,263.0,248.0,17.0,21.0,208.28571428571428,257.2142857142857,146.8
2020-09-10,465,153,17.623655913978496,20.345612903225806,24.203440860215053,0.18348387096774196,0.32903225806451614,312,3,9,0,37,9.0,16.0,263.0,515.0,444.0,201.14285714285714,258.7142857142857,161.0
2020-09-11,174,60,16.149425287356323,20.793793103448277,24.64310344827586,0.11379310344827587,0.3448275862068966,114,4,9,0,37,465.0,9.0,16.0,228.0,271.0,193.42857142857142,251.78571428571428,166.36666666666667
2020-09-12,206,65,17.898058252427184,20.61004854368932,24.34417475728155,0.21310679611650485,0.3155339805825243,141,5,9,1,37,174.0,465.0,9.0,179.0,417.0,197.28571428571428,236.71428571428572,172.2
2020-09-13,304,88,16.388157894736842,20.178092105263158,23.837500000000002,0.17036184210526314,0.2894736842105263,216,6,9,1,37,206.0,174.0,465.0,248.0,274.0,205.28571428571428,238.85714285714286,180.7
2020-09-14,262,81,17.328244274809162,20.525038167938934,24.240076335877863,0.18557251908396946,0.30916030534351147,181,0,9,0,38,304.0,206.0,174.0,263.0,681.0,205.14285714285714,208.92857142857142,189.13333333333333
2020-09-15,21,7,22.476190476190474,19.91190476190476,22.98095238095238,0.18095238095238095,0.3333333333333333,14,1,9,0,38,262.0,304.0,206.0,16.0,39.0,205.85714285714286,207.64285714285714,189.53333333333333
2020-09-16,11,4,11.0,20.176363636363636,23.718181818181815,0.31363636363636366,0.36363636363636365,7,2,9,0,38,21.0,262.0,304.0,9.0,17.0,206.14285714285714,207.21428571428572,189.8
2020-09-17,617,210,18.13776337115073,20.217811993517017,23.95024311183144,0.16970826580226903,0.34035656401944897,407,3,9,0,38,11.0,21.0,262.0,465.0,515.0,227.85714285714286,214.5,209.96666666666667
2020-09-18,243,72,18.432098765432098,20.761234567901237,24.659670781893006,0.17868312757201646,0.2962962962962963,171,4,9,0,38,617.0,11.0,21.0,174.0,228.0,237.71428571428572,215.57142857142858,217.76666666666668
2020-09-19,190,53,17.173684210526314,20.171263157894735,23.859473684210528,0.1946842105263158,0.2789473684210526,137,5,9,1,38,243.0,617.0,11.0,206.0,179.0,235.42857142857142,216.35714285714286,219.43333333333334
2020-09-20,338,106,17.52958579881657,20.340236686390533,23.866568047337278,0.19396449704142013,0.3136094674556213,232,6,9,1,38,190.0,243.0,617.0,304.0,248.0,240.28571428571428,222.78571428571428,227.0
2020-09-21,340,110,17.11470588235294,20.13664705882353,23.848823529411767,0.17505882352941177,0.3235294117647059,230,0,9,0,39,338.0,190.0,243.0,262.0,263.0,251.42857142857142,228.28571428571428,234.9
2020-09-22,30,10,19.233333333333334,20.872,23.763333333333332,0.373,0.3333333333333333,20,1,9,0,39,340.0,338.0,190.0,21.0,16.0,252.71428571428572,229.28571428571428,232.9
2020-09-23,8,2,19.625,21.2825,24.675,0.16875,0.25,6,2,9,0,39,30.0,340.0,338.0,11.0,9.0,252.28571428571428,229.21428571428572,228.2
2020-09-24,486,140,18.0761316872428,20.498477366255145,24.174485596707818,0.20421810699588477,0.2880658436213992,346,3,9,0,39,8.0,30.0,340.0,617.0,465.0,233.57142857142858,230.71428571428572,243.9
2020-09-25,207,60,15.81159420289855,20.18589371980676,23.829468599033817,0.2078743961352657,0.2898550724637681,147,4,9,0,39,486.0,8.0,30.0,243.0,174.0,228.42857142857142,233.07142857142858,250.1
2020-09-26,246,89,15.788617886178862,20.291260162601624,24.051219512195125,0.1584959349593496,0.3617886178861789,157,5,9,1,39,207.0,486.0,8.0,190.0,206.0,236.42857142857142,235.92857142857142,243.5
2020-09-27,271,90,17.535055350553506,20.72638376383764,24.616236162361623,0.20022140221402213,0.33210332103321033,181,6,9,1,39,246.0,207.0,486.0,338.0,304.0,226.85714285714286,233.57142857142858,243.5
2020-09-28,420,116,17.957142857142856,20.481785714285714,24.242619047619048,0.17780952380952383,0.2761904761904762,304,0,9,0,40,271.0,246.0,207.0,340.0,262.0,238.28571428571428,244.85714285714286,243.6
2020-09-29,15,1,15.266666666666667,19.320666666666668,23.186666666666667,0.08266666666666667,0.06666666666666667,14,1,9,0,40,420.0,271.0,246.0,30.0,21.0,236.14285714285714,244.42857142857142,234.96666666666667
2020-09-30,7,0,16.142857142857142,20.310000000000002,24.642857142857142,0.011428571428571429,0.0,7,2,9,0,40,15.0,420.0,271.0,8.0,11.0,236.0,244.14285714285714,212.5
2020-10-01,491,138,16.965376782077392,20.24582484725051,23.972912423625257,0.16828920570264766,0.28105906313645623,353,3,10,0,40,7.0,15.0,420.0,486.0,617.0,236.71428571428572,235.14285714285714,227.56666666666666
2020-10-02,283,89,17.812720848056536,20.529681978798585,24.207773851590108,0.1806713780918728,0.31448763250883394,194,4,10,0,40,491.0,7.0,15.0,207.0,243.0,247.57142857142858,238.0,236.43333333333334
2020-10-03,182,59,17.653846153846153,20.24587912087912,23.724725274725273,0.15681318681318682,0.3241758241758242,123,5,10,1,40,283.0,491.0,7.0,246.0,190.0,238.42857142857142,237.42857142857142,225.33333333333334
2020-10-04,339,98,16.106194690265486,20.35749262536873,24.112389380530974,0.1979646017699115,0.2890855457227139,241,6,10,1,40,182.0,283.0,491.0,271.0,338.0,248.14285714285714,237.5,229.03333333333333
2020-10-05,367,138,15.956403269754768,20.278964577656676,23.892915531335152,0.17953678474114443,0.3760217983651226,229,0,10,0,41,339.0,182.0,283.0,420.0,340.0,240.57142857142858,239.42857142857142,235.3
2020-10-06,23,5,21.73913043478261,20.70695652173913,24.695652173913043,0.20130434782608694,0.21739130434782608,18,1,10,0,41,367.0,339.0,182.0,15.0,30.0,241.71428571428572,238.92857142857142,227.8
2020-10-07,12,2,16.0,18.858333333333334,23.0,0.12333333333333334,0.16666666666666666,10,2,10,0,41,23.0,367.0,339.0,7.0,8.0,242.42857142857142,239.21428571428572,219.43333333333334
2020-10-08,974,330,16.970225872689937,20.30959958932238,23.92618069815195,0.18241273100616015,0.33880903490759756,644,3,10,0,41,12.0,23.0,367.0,491.0,486.0,311.42857142857144,274.07142857142856,251.36666666666667
2020-10-09,267,98,17.528089887640448,20.287902621722846,23.748314606741573,0.22382022471910112,0.36704119850187267,169,4,10,0,41,974.0,12.0,23.0,283.0,207.0,309.14285714285717,278.35714285714283,259.96666666666664
2020-10-10,196,51,15.709183673469388,19.950204081632652,23.753061224489798,0.15382653061224488,0.2602040816326531,145,5,10,1,41,267.0,974.0,12.0,182.0,246.0,311.14285714285717,274.7857142857143,251.0
2020-10-11,479,150,18.217118997912316,20.39062630480167,24.120250521920667,0.19112734864300626,0.31315240083507306,329,6,10,1,41,196.0,267.0,974.0,339.0,271.0,331.14285714285717,289.64285714285717,261.1666666666667
2020-10-12,662,182,17.274924471299094,20.495740181268882,24.085045317220544,0.18504531722054382,0.27492447129909364,480,0,10,0,42,479.0,196.0,267.0,367.0,420.0,373.2857142857143,306.92857142857144,276.3666666666667
2020-10-13,194,67,17.082474226804123,20.65798969072165,24.212886597938144,0.17242268041237116,0.34536082474226804,127,1,10,0,42,662.0,479.0,196.0,23.0,15.0,397.7142857142857,319.7142857142857,272.7
2020-10-14,198,53,16.565656565656564,20.150858585858586,23.82626262626263,0.16090909090909092,0.2676767676767677,145,2,10,0,42,194.0,662.0,479.0,12.0,7.0,424.2857142857143,333.35714285714283,270.56666666666666
2020-10-15,961,306,17.17273673257024,20.435639958376694,24.07710718002081,0.17720083246618104,0.3184183142559833,655,3,10,0,42,198.0,194.0,662.0,974.0,491.0,422.42857142857144,366.92857142857144,301.9
2020-10-16,636,205,17.17924528301887,20.29753144654088,23.97075471698113,0.1903930817610063,0.3223270440251572,431,4,10,0,42,961.0,198.0,194.0,267.0,283.0,475.14285714285717,392.14285714285717,322.73333333333335
2020-10-17,299,90,15.521739130434783,20.39314381270903,24.317391304347826,0.18100334448160535,0.3010033444816054,209,5,10,1,42,636.0,961.0,198.0,196.0,182.0,489.85714285714283,400.5,312.1333333333333
2020-10-18,445,158,16.813483146067416,20.10312359550562,23.673258426966292,0.16233707865168537,0.3550561797752809,287,6,10,1,42,299.0,636.0,961.0,479.0,339.0,485.0,408.07142857142856,318.8666666666667
2020-10-19,778,257,17.44215938303342,20.3,24.069794344473006,0.20347043701799486,0.33033419023136246,521,0,10,0,43,445.0,299.0,636.0,662.0,367.0,501.57142857142856,437.42857142857144,338.46666666666664
2020-10-20,348,121,17.387931034482758,20.202385057471265,23.70689655172414,0.19919540229885055,0.34770114942528735,227,1,10,0,43,778.0,445.0,299.0,194.0,23.0,523.5714285714286,460.64285714285717,338.8
2020-10-21,388,137,17.445876288659793,20.57832474226804,24.104123711340204,0.16399484536082476,0.35309278350515466,251,2,10,0,43,348.0,778.0,445.0,198.0,12.0,550.7142857142857,487.5,340.4
2020-10-22,564,188,18.671985815602838,20.231329787234042,23.96312056737589,0.18154255319148938,0.3333333333333333,376,3,10,0,43,388.0,348.0,778.0,961.0,974.0,494.0,458.2142857142857,358.2
2020-10-23,398,118,18.462311557788944,20.235854271356782,23.851256281407032,0.17585427135678391,0.2964824120603015,280,4,10,0,43,564.0,388.0,348.0,636.0,267.0,460.0,467.57142857142856,371.2
2020-10-24,128,42,16.3984375,20.0709375,23.86640625,0.189296875,0.328125,86,5,10,1,43,398.0,564.0,388.0,299.0,196.0,435.57142857142856,462.7142857142857,359.26666666666665
2020-10-25,232,82,17.517241379310345,20.424525862068965,23.94612068965517,0.16051724137931037,0.35344827586206895,150,6,10,1,43,128.0,398.0,564.0,445.0,479.0,405.14285714285717,445.07142857142856,360.1
2020-10-26,579,179,17.499136442141623,20.22428324697755,24.04594127806563,0.16910189982728843,0.30915371329879104,400,0,10,0,44,232.0,128.0,398.0,778.0,662.0,376.7142857142857,439.14285714285717,371.2
2020-10-27,113,34,17.858407079646017,20.420973451327434,24.093805309734513,0.19477876106194691,0.3008849557522124,79,1,10,0,44,579.0,232.0,128.0,348.0,194.0,343.14285714285717,433.35714285714283,365.93333333333334
2020-10-28,196,63,16.479591836734695,20.433469387755103,24.077040816326534,0.15923469387755101,0.32142857142857145,133,2,10,0,44,113.0,579.0,232.0,388.0,198.0,315.7142857142857,433.2142857142857,358.46666666666664
2020-10-29,3,0,11.666666666666666,19.92,23.53333333333333,0.19999999999999998,0.0,3,3,10,0,44,196.0,113.0,579.0,564.0,961.0,235.57142857142858,364.7857142857143,358.06666666666666
2020-10-30,3,1,13.666666666666666,19.80666666666667,24.400000000000002,0.01,0.3333333333333333,2,4,10,0,44,3.0,196.0,113.0,398.0,636.0,179.14285714285714,319.57142857142856,357.93333333333334
2020-10-31,1,1,20.0,19.7,24.4,0.84,1.0,0,5,10,1,44,3.0,3.0,196.0,128.0,299.0,161.0,298.2857142857143,341.6
2020-11-01,22,6,15.863636363636363,19.950909090909093,23.472727272727273,0.10681818181818183,0.2727272727272727,16,6,11,1,44,1.0,3.0,3.0,232.0,445.0,131.0,268.07142857142856,332.9
2020-11-02,1,1,18.0,21.9,26.3,0.01,1.0,0,0,11,0,45,22.0,1.0,3.0,579.0,778.0,48.42857142857143,212.57142857142858,326.8666666666667
2020-11-03,1,0,15.0,22.77,28.3,0.0,0.0,1,1,11,0,45,1.0,22.0,1.0,113.0,348.0,32.42857142857143,187.78571428571428,315.6
2020-11-04,3,0,31.0,21.820000000000004,25.0,0.10666666666666667,0.0,3,2,11,0,45,1.0,1.0,22.0,196.0,388.0,4.857142857142857,160.28571428571428,303.46666666666664
2020-11-05,2,1,47.5,20.915,25.35,0.03,0.5,1,3,11,0,45,3.0,1.0,1.0,3.0,564.0,4.714285714285714,120.14285714285714,302.76666666666665
2020-11-06,3,2,10.666666666666666,19.406666666666666,22.3,0.10333333333333333,0.6666666666666666,1,4,11,0,45,2.0,3.0,1.0,3.0,398.0,4.714285714285714,91.92857142857143,302.46666666666664
2020-11-07,2,1,43.5,22.34,24.75,0.0,0.5,1,5,11,1,45,3.0,2.0,3.0,1.0,128.0,4.857142857142857,82.92857142857143,270.06666666666666
2020-11-08,2,1,11.0,22.12,27.3,0.24,0.5,1,6,11,1,45,2.0,3.0,2.0,22.0,232.0,2.0,66.5,261.23333333333335
2020-11-09,15,6,14.0,20.428,24.740000000000002,0.116,0.4,9,0,11,0,46,2.0,2.0,3.0,1.0,579.0,4.0,26.214285714285715,255.2
2020-11-10,6,4,24.166666666666668,17.92833333333333,22.849999999999998,0.02,0.6666666666666666,2,1,11,0,46,15.0,2.0,2.0,1.0,113.0,4.714285714285714,18.571428571428573,239.43333333333334
2020-11-11,9,2,18.88888888888889,19.198888888888888,23.522222222222222,0.04,0.2222222222222222,7,2,11,0,46,6.0,15.0,2.0,3.0,196.0,5.571428571428571,5.214285714285714,217.66666666666666
2020-11-12,10,4,13.3,20.047,23.28,0.149,0.4,6,3,11,0,46,9.0,6.0,15.0,2.0,3.0,6.714285714285714,5.714285714285714,211.53333333333333
2020-11-13,16,6,20.75,20.751875000000002,24.35625,0.209375,0.375,10,4,11,0,46,10.0,9.0,6.0,3.0,3.0,8.571428571428571,6.642857142857143,205.46666666666667
2020-11-14,95,33,16.45263157894737,20.06673684210526,23.876842105263158,0.1988421052631579,0.3473684210526316,62,5,11,1,46,16.0,10.0,9.0,2.0,1.0,21.857142857142858,13.357142857142858,176.6
2020-11-15,16,3,19.625,17.9825,22.05,0.0325,0.1875,13,6,11,1,46,95.0,16.0,10.0,2.0,22.0,23.857142857142858,12.928571428571429,155.93333333333334
2020-11-16,74,19,19.243243243243242,20.740945945945946,24.535135135135135,0.10918918918918918,0.25675675675675674,55,0,11,0,47,16.0,95.0,16.0,15.0,1.0,32.285714285714285,18.142857142857142,148.43333333333334
2020-11-17,101,43,16.485148514851485,21.11108910891089,24.725742574257428,0.18891089108910888,0.42574257425742573,58,1,11,0,47,74.0,16.0,95.0,6.0,1.0,45.857142857142854,25.285714285714285,136.96666666666667
2020-11-18,182,49,16.89010989010989,19.90087912087912,23.53516483516483,0.17137362637362638,0.2692307692307692,133,2,11,0,47,101.0,74.0,16.0,9.0,3.0,70.57142857142857,38.07142857142857,117.1
2020-11-19,3,1,8.0,23.046666666666667,29.933333333333334,0.14666666666666664,0.3333333333333333,2,3,11,0,47,182.0,101.0,74.0,10.0,2.0,69.57142857142857,38.142857142857146,105.6
2020-11-20,3,0,19.0,21.833333333333332,27.900000000000002,0.04,0.0,3,4,11,0,47,3.0,182.0,101.0,16.0,3.0,67.71428571428571,38.142857142857146,92.76666666666667
2020-11-21,1,1,7.0,21.0,25.1,0.13,1.0,0,5,11,1,47,3.0,3.0,182.0,95.0,2.0,54.285714285714285,38.07142857142857,74.0
2020-11-22,2,0,12.0,21.240000000000002,26.9,0.0,0.0,2,6,11,1,47,1.0,3.0,3.0,16.0,2.0,52.285714285714285,38.07142857142857,60.8
2020-11-23,2,0,12.0,17.04,19.6,0.325,0.0,2,0,11,0,48,2.0,1.0,3.0,74.0,15.0,42.0,37.142857142857146,56.6
2020-11-24,2,0,8.5,19.67,20.25,0.01,0.0,2,1,11,0,48,2.0,2.0,1.0,101.0,6.0,27.857142857142858,36.857142857142854,48.93333333333333
2020-11-25,24,8,18.041666666666668,20.98,23.958333333333332,0.12666666666666668,0.3333333333333333,16,2,11,0,48,2.0,2.0,2.0,182.0,9.0,5.285714285714286,37.92857142857143,30.433333333333334
2020-11-26,10,4,25.1,19.287,23.52,0.128,0.4,6,3,11,0,48,24.0,2.0,2.0,3.0,10.0,6.285714285714286,37.92857142857143,27.0
2020-11-27,13,2,13.384615384615385,20.433846153846154,23.4,0.29384615384615387,0.15384615384615385,11,4,11,0,48,10.0,24.0,2.0,3.0,16.0,7.714285714285714,37.714285714285715,20.9
2020-11-28,12,5,20.666666666666668,20.330833333333334,23.366666666666664,0.15333333333333335,0.4166666666666667,7,5,11,1,48,13.0,10.0,24.0,1.0,95.0,9.285714285714286,31.785714285714285,21.2
2020-11-29,11,4,12.454545454545455,21.05090909090909,24.70909090909091,0.3009090909090909,0.36363636363636365,7,6,11,1,48,12.0,13.0,10.0,2.0,16.0,10.571428571428571,31.428571428571427,21.466666666666665
2020-11-30,6,2,11.5,20.403333333333332,23.133333333333336,0.62,0.3333333333333333,4,0,11,0,49,11.0,12.0,13.0,2.0,74.0,11.142857142857142,26.571428571428573,21.633333333333333
2020-12-01,14,5,21.428571428571427,21.476428571428574,24.885714285714283,0.10071428571428573,0.35714285714285715,9,1,12,0,49,6.0,11.0,12.0,2.0,101.0,12.857142857142858,20.357142857142858,21.366666666666667
2020-12-02,4,2,23.75,16.1475,21.15,0.0625,0.5,2,2,12,0,49,14.0,6.0,11.0,24.0,182.0,10.0,7.642857142857143,21.466666666666665
2020-12-03,16,5,16.125,19.655,24.3625,0.060625,0.3125,11,3,12,0,49,4.0,14.0,6.0,10.0,3.0,10.857142857142858,8.571428571428571,21.966666666666665
2020-12-04,24,8,17.875,21.19,24.587500000000002,0.20791666666666667,0.3333333333333333,16,4,12,0,49,16.0,4.0,14.0,13.0,3.0,12.428571428571429,10.071428571428571,22.666666666666668
2020-12-05,8,1,11.0,21.6025,25.725,0.2025,0.125,7,5,12,1,49,24.0,16.0,4.0,12.0,1.0,11.857142857142858,10.571428571428571,22.866666666666667
2020-12-06,5,1,23.2,21.566,24.119999999999997,0.124,0.2,4,6,12,1,49,8.0,24.0,16.0,11.0,2.0,11.0,10.785714285714286,22.933333333333334
2020-12-07,6,3,21.0,20.12,23.8,0.12166666666666666,0.5,3,0,12,0,50,5.0,8.0,24.0,6.0,2.0,11.0,11.071428571428571,23.066666666666666
2020-12-08,3,1,16.0,21.72,21.3,0.17333333333333334,0.3333333333333333,2,1,12,0,50,6.0,5.0,8.0,14.0,2.0,9.428571428571429,11.142857142857142,23.1
2020-12-09,182,71,17.005494505494507,20.430659340659343,24.126373626373628,0.18065934065934067,0.3901098901098901,111,2,12,0,50,3.0,6.0,5.0,4.0,24.0,34.857142857142854,22.428571428571427,28.666666666666668
2020-12-10,96,30,18.75,20.0071875,23.675,0.17020833333333332,0.3125,66,3,12,0,50,182.0,3.0,6.0,16.0,10.0,46.285714285714285,28.571428571428573,31.666666666666668
2020-12-11,164,47,17.04268292682927,20.29432926829268,24.20609756097561,0.14920731707317073,0.2865853658536585,117,4,12,0,50,96.0,182.0,3.0,24.0,13.0,66.28571428571429,39.357142857142854,36.833333333333336
2020-12-12,193,61,17.590673575129532,20.05378238341969,23.744041450777203,0.16067357512953367,0.3160621761658031,132,5,12,1,50,164.0,96.0,182.0,8.0,12.0,92.71428571428571,52.285714285714285,42.93333333333333
2020-12-13,222,77,18.234234234234233,20.198963963963966,24.05135135135135,0.18599099099099098,0.34684684684684686,145,6,12,1,50,193.0,164.0,96.0,5.0,11.0,123.71428571428571,67.35714285714286,49.8
2020-12-14,5,1,22.6,20.146,23.16,0.182,0.2,4,0,12,0,51,222.0,193.0,164.0,6.0,6.0,123.57142857142857,67.28571428571429,46.8
2020-12-15,3,2,11.0,18.036666666666665,21.7,0.04666666666666667,0.6666666666666666,1,1,12,0,51,5.0,222.0,193.0,3.0,14.0,123.57142857142857,66.5,46.36666666666667
2020-12-16,152,55,17.638157894736842,20.544934210526314,24.613815789473687,0.2063157894736842,0.3618421052631579,97,2,12,0,51,3.0,5.0,222.0,182.0,4.0,119.28571428571429,77.07142857142857,48.96666666666667
2020-12-17,129,48,16.31782945736434,20.67325581395349,24.404651162790696,0.22263565891472867,0.37209302325581395,81,3,12,0,51,152.0,3.0,5.0,96.0,16.0,124.0,85.14285714285714,49.9
2020-12-18,186,68,18.306451612903224,20.516935483870967,24.11505376344086,0.1831182795698925,0.3655913978494624,118,4,12,0,51,129.0,152.0,3.0,164.0,24.0,127.14285714285714,96.71428571428571,50.03333333333333
2020-12-19,205,76,17.082926829268292,20.521463414634145,24.195121951219512,0.1972682926829268,0.37073170731707317,129,5,12,1,51,186.0,129.0,152.0,193.0,8.0,128.85714285714286,110.78571428571429,56.766666666666666
2020-12-20,273,90,16.428571428571427,20.634175824175824,24.309157509157508,0.17098901098901098,0.32967032967032966,183,6,12,1,51,205.0,186.0,129.0,222.0,5.0,136.14285714285714,129.92857142857142,65.76666666666667
2020-12-21,8,1,11.0,19.785,23.25,0.47,0.125,7,0,12,0,52,273.0,205.0,186.0,5.0,6.0,136.57142857142858,130.07142857142858,66.0
2020-12-22,10,3,10.5,19.305,21.8,0.1,0.3,7,1,12,0,52,8.0,273.0,205.0,3.0,3.0,137.57142857142858,130.57142857142858,66.26666666666667
2020-12-23,9,3,15.222222222222221,20.54111111111111,22.744444444444444,0.23111111111111113,0.3333333333333333,6,2,12,0,52,10.0,8.0,273.0,152.0,182.0,117.14285714285714,118.21428571428571,66.5
2020-12-24,10,3,16.8,20.72,24.84,0.096,0.3,7,3,12,0,52,9.0,10.0,8.0,129.0,96.0,100.14285714285714,112.07142857142857,66.76666666666667
2020-12-25,39,15,19.564102564102566,19.97025641025641,23.82051282051282,0.18487179487179486,0.38461538461538464,24,4,12,0,52,10.0,9.0,10.0,186.0,164.0,79.14285714285714,103.14285714285714,67.26666666666667
2020-12-26,3,2,28.666666666666668,20.94,23.633333333333336,0.21,0.6666666666666666,1,5,12,1,52,39.0,10.0,9.0,205.0,193.0,50.285714285714285,89.57142857142857,67.03333333333333
2020-12-27,15,6,13.333333333333334,19.831333333333337,23.133333333333333,0.2,0.4,9,6,12,1,52,3.0,39.0,10.0,273.0,222.0,13.428571428571429,74.78571428571429,67.1
2020-12-28,38,12,19.842105263157894,19.91842105263158,23.50526315789474,0.23684210526315788,0.3157894736842105,26,0,12,0,53,15.0,3.0,39.0,8.0,5.0,17.714285714285715,77.14285714285714,67.96666666666667
2020-12-29,77,23,12.714285714285714,20.177142857142858,23.893506493506493,0.20259740259740258,0.2987012987012987,54,1,12,0,53,38.0,15.0,3.0,10.0,3.0,27.285714285714285,82.42857142857143,70.16666666666667
2020-12-30,66,19,19.40909090909091,19.987272727272728,23.243939393939392,0.2113636363636364,0.2878787878787879,47,2,12,0,53,77.0,38.0,15.0,9.0,152.0,35.42857142857143,76.28571428571429,72.16666666666667
2020-12-31,76,29,17.763157894736842,20.09934210526316,23.664473684210527,0.1775,0.3815789473684211,47,3,12,0,53,66.0,77.0,38.0,10.0,129.0,44.857142857142854,72.5,74.23333333333333
2021-01-01,50,15,17.5,20.89,24.676,0.1032,0.3,35,4,1,0,53,76.0,66.0,77.0,39.0,186.0,46.42857142857143,62.785714285714285,75.76666666666667
2021-01-02,84,31,18.535714285714285,19.21666666666667,22.92142857142857,0.17797619047619048,0.36904761904761907,53,5,1,1,53,50.0,76.0,66.0,3.0,205.0,58.0,54.142857142857146,78.03333333333333
2021-01-03,38,15,15.710526315789474,21.025000000000002,23.74736842105263,0.1518421052631579,0.39473684210526316,23,6,1,1,53,84.0,50.0,76.0,15.0,273.0,61.285714285714285,37.357142857142854,78.5
2021-01-04,84,25,19.642857142857142,20.59845238095238,24.49642857142857,0.2067857142857143,0.2976190476190476,59,0,1,0,1,38.0,84.0,50.0,38.0,8.0,67.85714285714286,42.785714285714285,81.03333333333333
2021-01-05,286,97,16.15034965034965,20.35562937062937,23.585664335664337,0.17503496503496505,0.33916083916083917,189,1,1,0,1,84.0,38.0,84.0,77.0,10.0,97.71428571428571,62.5,90.4
2021-01-06,360,110,17.78611111111111,20.263833333333334,23.98638888888889,0.1587777777777778,0.3055555555555556,250,2,1,0,1,286.0,84.0,38.0,66.0,9.0,139.71428571428572,87.57142857142857,102.2
2021-01-07,415,127,18.77590361445783,20.201975903614457,23.65228915662651,0.20881927710843373,0.3060240963855422,288,3,1,0,1,360.0,286.0,84.0,76.0,10.0,188.14285714285714,116.5,115.93333333333334
2021-01-08,385,122,18.376623376623378,20.54194805194805,23.994285714285713,0.17594805194805194,0.3168831168831169,263,4,1,0,1,415.0,360.0,286.0,50.0,39.0,236.0,141.21428571428572,122.7
2021-01-09,430,134,16.87441860465116,20.442813953488372,24.102558139534885,0.18237209302325583,0.3116279069767442,296,5,1,1,1,385.0,415.0,360.0,84.0,3.0,285.42857142857144,171.71428571428572,133.83333333333334
2021-01-10,106,27,18.566037735849058,20.09679245283019,23.43867924528302,0.21264150943396226,0.25471698113207547,79,6,1,1,1,430.0,385.0,415.0,38.0,15.0,295.14285714285717,178.21428571428572,131.9
2021-01-11,172,59,18.0,20.62610465116279,23.982558139534884,0.18319767441860466,0.3430232558139535,113,0,1,0,2,106.0,430.0,385.0,84.0,38.0,307.7142857142857,187.78571428571428,131.2
2021-01-12,155,46,16.651612903225807,20.054193548387097,23.756774193548388,0.1681290322580645,0.2967741935483871,109,1,1,0,2,172.0,106.0,430.0,286.0,77.0,289.0,193.35714285714286,128.96666666666667
2021-01-13,332,103,17.816265060240966,20.48593373493976,24.32921686746988,0.17237951807228916,0.3102409638554217,229,2,1,0,2,155.0,172.0,106.0,360.0,66.0,285.0,212.35714285714286,139.86666666666667
2021-01-14,154,44,18.11038961038961,20.290194805194805,24.060389610389613,0.20928571428571432,0.2857142857142857,110,3,1,0,2,332.0,155.0,172.0,415.0,76.0,247.71428571428572,217.92857142857142,144.9
2021-01-15,296,81,17.74662162162162,20.423986486486488,24.310135135135134,0.1968918918918919,0.27364864864864863,215,4,1,0,2,154.0,332.0,155.0,385.0,50.0,235.0,235.5,149.7
2021-01-16,418,123,16.566985645933013,20.44464114832536,24.196411483253588,0.18389952153110048,0.2942583732057416,295,5,1,1,2,296.0,154.0,332.0,430.0,84.0,233.28571428571428,259.35714285714283,159.33333333333334
2021-01-17,73,25,18.136986301369863,20.446986301369865,24.00958904109589,0.13356164383561644,0.3424657534246575,48,6,1,1,2,418.0,296.0,154.0,106.0,38.0,228.57142857142858,261.85714285714283,155.56666666666666
2021-01-18,13,4,10.461538461538462,20.456153846153846,23.823076923076922,0.5538461538461539,0.3076923076923077,9,0,1,0,3,73.0,418.0,296.0,172.0,84.0,205.85714285714286,256.7857142857143,149.16666666666666
2021-01-19,301,89,18.312292358803987,20.39215946843854,24.018604651162793,0.17764119601328904,0.2956810631229236,212,1,1,0,3,13.0,73.0,418.0,155.0,286.0,226.71428571428572,257.85714285714283,150.1
2021-01-20,213,64,16.95774647887324,20.451267605633802,24.207042253521127,0.1864319248826291,0.3004694835680751,149,2,1,0,3,301.0,13.0,73.0,332.0,360.0,209.71428571428572,247.35714285714286,156.93333333333334
2021-01-21,196,60,16.622448979591837,20.292244897959186,23.76224489795918,0.20622448979591837,0.30612244897959184,136,3,1,0,3,213.0,301.0,13.0,154.0,415.0,215.71428571428572,231.71428571428572,163.13333333333333
2021-01-22,287,95,18.038327526132406,20.322857142857142,23.801393728222997,0.18491289198606273,0.3310104529616725,192,4,1,0,3,196.0,213.0,301.0,296.0,385.0,214.42857142857142,224.71428571428572,172.4
2021-01-23,286,89,18.46853146853147,20.254895104895105,23.97097902097902,0.18167832167832168,0.3111888111888112,197,5,1,1,3,287.0,196.0,213.0,418.0,430.0,195.57142857142858,214.42857142857142,181.6
2021-01-24,23,8,20.869565217391305,20.70304347826087,24.817391304347826,0.12217391304347826,0.34782608695652173,15,6,1,1,3,286.0,287.0,196.0,73.0,106.0,188.42857142857142,208.5,181.06666666666666
2021-01-25,8,3,12.875,20.037499999999998,23.425,0.0775,0.375,5,0,1,0,4,23.0,286.0,287.0,13.0,172.0,187.71428571428572,196.78571428571428,181.23333333333332
2021-01-26,578,181,17.515570934256054,20.556557093425607,24.414705882352944,0.17508650519031144,0.31314878892733566,397,1,1,0,4,8.0,23.0,286.0,301.0,155.0,227.28571428571428,227.0,200.0
2021-01-27,355,104,16.695774647887323,20.224450704225355,23.999154929577468,0.12126760563380283,0.29295774647887324,251,2,1,0,4,578.0,8.0,23.0,213.0,332.0,247.57142857142858,228.64285714285714,210.56666666666666
2021-01-28,378,118,17.436507936507937,20.493386243386244,24.27195767195767,0.1580952380952381,0.31216931216931215,260,3,1,0,4,355.0,578.0,8.0,196.0,154.0,273.57142857142856,244.64285714285714,220.6
2021-01-29,554,174,16.592057761732853,20.279909747292418,23.851805054151622,0.19548736462093863,0.3140794223826715,380,4,1,0,4,378.0,355.0,578.0,287.0,296.0,311.7142857142857,263.07142857142856,236.86666666666667
2021-01-30,508,160,18.28937007874016,20.261220472440947,23.808464566929135,0.2071456692913386,0.31496062992125984,348,5,1,1,4,554.0,378.0,355.0,286.0,418.0,343.42857142857144,269.5,251.26666666666668
2021-01-31,31,9,15.516129032258064,20.13741935483871,23.88064516129032,0.13935483870967744,0.2903225806451613,22,6,1,1,4,508.0,554.0,378.0,23.0,73.0,344.57142857142856,266.5,250.63333333333333
2021-02-01,24,9,14.916666666666666,20.74416666666667,24.537499999999998,0.28958333333333336,0.375,15,0,2,0,5,31.0,508.0,554.0,8.0,13.0,346.85714285714283,267.2857142857143,248.63333333333333
2021-02-02,484,142,16.952479338842974,20.382293388429755,24.218801652892562,0.16142561983471074,0.29338842975206614,342,1,2,0,5,24.0,31.0,508.0,578.0,301.0,333.42857142857144,280.35714285714283,263.5
2021-02-03,524,159,17.486641221374047,20.253454198473282,23.912595419847328,0.16062977099236642,0.30343511450381677,365,2,2,0,5,484.0,24.0,31.0,355.0,213.0,357.57142857142856,302.57142857142856,278.1666666666667
2021-02-04,479,145,16.244258872651358,20.455594989561586,24.300835073068896,0.1694572025052192,0.302713987473904,334,3,2,0,5,524.0,484.0,24.0,378.0,196.0,372.0,322.7857142857143,284.6
2021-02-05,656,205,17.507621951219512,20.545548780487803,24.208079268292682,0.1838109756097561,0.3125,451,4,2,0,5,479.0,524.0,484.0,554.0,287.0,386.57142857142856,349.14285714285717,294.46666666666664
2021-02-06,490,161,16.179591836734694,20.676,24.386938775510206,0.1490816326530612,0.32857142857142857,329,5,2,1,5,656.0,479.0,524.0,508.0,286.0,384.0,363.7142857142857,296.96666666666664
2021-02-07,110,35,15.2,19.525636363636366,23.318181818181817,0.1609090909090909,0.3181818181818182,75,6,2,1,5,490.0,656.0,479.0,31.0,23.0,395.2857142857143,369.92857142857144,287.8
2021-02-08,23,3,16.82608695652174,19.911304347826086,23.252173913043475,0.2704347826086957,0.13043478260869565,20,0,2,0,6,110.0,490.0,656.0,24.0,8.0,395.14285714285717,371.0,274.23333333333335
2021-02-09,435,135,17.09655172413793,20.35850574712644,23.98528735632184,0.15914942528735634,0.3103448275862069,300,1,2,0,6,23.0,110.0,490.0,484.0,578.0,388.14285714285717,360.7857142857143,285.2
2021-02-10,443,132,17.665914221218962,20.27474040632054,23.828216704288938,0.1996839729119639,0.2979683972911964,311,2,2,0,6,435.0,23.0,110.0,524.0,355.0,376.57142857142856,367.07142857142856,294.23333333333335
2021-02-11,379,113,16.398416886543536,20.162612137203165,23.91767810026385,0.15907651715039578,0.29815303430079154,266,3,2,0,6,443.0,435.0,23.0,479.0,378.0,362.2857142857143,367.14285714285717,301.7
2021-02-12,599,183,16.888146911519197,20.325943238731217,23.805008347245412,0.17826377295492488,0.3055091819699499,416,4,2,0,6,379.0,443.0,435.0,656.0,554.0,354.14285714285717,370.35714285714283,310.6
2021-02-13,629,193,16.731319554848966,20.284769475357713,23.84960254372019,0.1757710651828299,0.3068362480127186,436,5,2,1,6,599.0,379.0,443.0,490.0,508.0,374.0,379.0,326.43333333333334
2021-02-14,39,12,18.692307692307693,19.944358974358977,23.73589743589744,0.15666666666666668,0.3076923076923077,27,6,2,1,6,629.0,599.0,379.0,110.0,31.0,363.85714285714283,379.57142857142856,317.8666666666667
2021-02-15,7,1,14.0,21.534285714285716,26.2,0.4657142857142857,0.14285714285714285,6,0,2,0,7,39.0,629.0,599.0,23.0,24.0,361.57142857142856,378.35714285714283,304.1666666666667
2021-02-16,543,165,18.186003683241253,20.10961325966851,23.760589318600367,0.20502762430939225,0.30386740331491713,378,1,2,0,7,7.0,39.0,629.0,435.0,484.0,377.0,382.57142857142856,319.8333333333333
2021-02-17,499,158,18.204408817635272,20.34422845691383,24.057114228456914,0.18691382765531062,0.3166332665330661,341,2,2,0,7,543.0,7.0,39.0,443.0,524.0,385.0,380.7857142857143,336.03333333333336
2021-02-18,459,153,16.028322440087145,20.20777777777778,23.84705882352941,0.20396514161220045,0.3333333333333333,306,3,2,0,7,499.0,543.0,7.0,379.0,479.0,396.42857142857144,379.35714285714283,341.3
2021-02-19,753,240,17.52855245683931,20.38985391766268,24.099601593625497,0.15819389110225765,0.3187250996015936,513,4,2,0,7,459.0,499.0,543.0,599.0,656.0,418.42857142857144,386.2857142857143,359.3
2021-02-20,525,170,17.154285714285713,20.38937142857143,23.920190476190477,0.18891428571428573,0.3238095238095238,355,5,2,1,7,753.0,459.0,499.0,629.0,490.0,403.57142857142856,388.7857142857143,370.26666666666665
2021-02-21,45,14,18.22222222222222,20.036444444444445,24.26,0.162,0.3111111111111111,31,6,2,1,7,525.0,753.0,459.0,39.0,110.0,404.42857142857144,384.14285714285717,362.2
2021-02-22,18,6,15.0,20.385,23.327777777777776,0.1922222222222222,0.3333333333333333,12,0,2,0,8,45.0,525.0,753.0,7.0,23.0,406.0,383.7857142857143,353.26666666666665
2021-02-23,230,78,17.97826086956522,20.140652173913043,23.887391304347826,0.24082608695652175,0.3391304347826087,152,1,2,0,8,18.0,45.0,525.0,543.0,435.0,361.2857142857143,369.14285714285717,360.1666666666667
2021-02-24,117,38,16.444444444444443,20.632136752136752,24.42136752136752,0.1447008547008547,0.3247863247863248,79,2,2,0,8,230.0,18.0,45.0,499.0,443.0,306.7142857142857,345.85714285714283,363.8
2021-02-25,239,77,15.836820083682008,20.60928870292887,24.42050209205021,0.19489539748953974,0.32217573221757323,162,3,2,0,8,117.0,230.0,18.0,459.0,379.0,275.2857142857143,335.85714285714283,352.5
2021-02-26,351,110,18.58974358974359,20.4994301994302,24.182336182336183,0.16455840455840456,0.31339031339031337,241,4,2,0,8,239.0,117.0,230.0,753.0,599.0,217.85714285714286,318.14285714285717,352.3666666666667
2021-02-27,409,143,17.73349633251834,20.401418092909537,24.131051344743277,0.1469926650366748,0.34963325183374083,266,5,2,1,8,351.0,239.0,117.0,525.0,629.0,201.28571428571428,302.42857142857144,353.4
2021-02-28,36,14,14.722222222222221,20.643055555555556,24.174999999999997,0.24166666666666664,0.3888888888888889,22,6,2,1,8,409.0,351.0,239.0,45.0,39.0,200.0,302.2142857142857,336.1333333333333
2021-03-01,112,40,17.651785714285715,20.160446428571426,23.776785714285715,0.15321428571428572,0.35714285714285715,72,0,3,0,9,36.0,409.0,351.0,18.0,7.0,213.42857142857142,309.7142857142857,322.93333333333334
2021-03-02,66,22,17.136363636363637,20.17060606060606,23.57121212121212,0.18348484848484847,0.3333333333333333,44,1,3,0,9,112.0,36.0,409.0,230.0,543.0,190.0,275.64285714285717,324.1
2021-03-03,211,55,16.274881516587676,20.33137440758294,23.679620853080568,0.15696682464454975,0.26066350710900477,156,2,3,0,9,66.0,112.0,36.0,117.0,499.0,203.42857142857142,255.07142857142858,330.3333333333333
2021-03-04,63,27,18.317460317460316,20.47873015873016,24.146031746031746,0.15095238095238095,0.42857142857142855,36,3,3,0,9,211.0,66.0,112.0,239.0,459.0,178.28571428571428,226.78571428571428,316.3
2021-03-05,92,19,17.858695652173914,20.33423913043478,24.289130434782606,0.12336956521739131,0.20652173913043478,73,4,3,0,9,63.0,211.0,66.0,351.0,753.0,141.28571428571428,179.57142857142858,301.9
2021-03-06,93,22,15.709677419354838,20.609032258064516,24.43978494623656,0.1835483870967742,0.23655913978494625,71,5,3,1,9,92.0,63.0,211.0,409.0,525.0,96.14285714285714,148.71428571428572,289.03333333333336
2021-03-07,51,16,15.058823529411764,20.27235294117647,24.019607843137255,0.17862745098039215,0.3137254901960784,35,6,3,1,9,93.0,92.0,63.0,36.0,45.0,98.28571428571429,149.14285714285714,268.8666666666667
2021-03-08,34,9,19.323529411764707,20.783823529411762,24.935294117647057,0.13294117647058826,0.2647058823529412,25,0,3,0,10,51.0,93.0,92.0,112.0,18.0,87.14285714285714,150.28571428571428,253.66666666666666
2021-03-09,549,162,16.63752276867031,20.65610200364299,24.21129326047359,0.21214936247723132,0.29508196721311475,387,1,3,0,10,34.0,51.0,93.0,66.0,230.0,156.14285714285714,173.07142857142858,268.3
2021-03-10,432,124,18.83101851851852,20.396041666666665,24.06875,0.21835648148148148,0.28703703703703703,308,2,3,0,10,549.0,34.0,51.0,211.0,117.0,187.71428571428572,195.57142857142858,281.93333333333334
2021-03-11,419,142,16.77326968973747,20.353675417661098,24.098090692124106,0.15785202863961814,0.33890214797136037,277,3,3,0,10,432.0,549.0,34.0,63.0,239.0,238.57142857142858,208.42857142857142,281.4
2021-03-12,340,114,18.844117647058823,20.401705882352942,24.154411764705884,0.17670588235294118,0.3352941176470588,226,4,3,0,10,419.0,432.0,549.0,92.0,351.0,274.0,207.64285714285714,277.96666666666664
2021-03-13,769,237,16.932379713914173,20.540026007802343,24.213784135240573,0.20306892067620286,0.3081924577373212,532,5,3,1,10,340.0,419.0,432.0,93.0,409.0,370.57142857142856,233.35714285714286,290.96666666666664
2021-03-14,45,14,15.511111111111111,20.011111111111113,23.622222222222224,0.152,0.3111111111111111,31,6,3,1,10,769.0,340.0,419.0,51.0,36.0,369.7142857142857,234.0,272.5
2021-03-15,102,32,15.411764705882353,20.40245098039216,23.939215686274512,0.12705882352941178,0.3137254901960784,70,0,3,0,11,45.0,769.0,340.0,34.0,112.0,379.42857142857144,233.28571428571428,254.93333333333334
2021-03-16,189,55,16.904761904761905,20.31957671957672,24.006878306878306,0.1538095238095238,0.291005291005291,134,1,3,0,11,102.0,45.0,769.0,549.0,66.0,328.0,242.07142857142858,259.93333333333334
2021-03-17,139,40,15.920863309352518,19.918992805755398,23.364748201438847,0.16553956834532374,0.28776978417266186,99,2,3,0,11,189.0,102.0,45.0,432.0,211.0,286.14285714285717,236.92857142857142,264.3333333333333
2021-03-18,237,70,17.367088607594937,20.13940928270042,23.862869198312236,0.18936708860759494,0.29535864978902954,167,3,3,0,11,139.0,189.0,102.0,419.0,63.0,260.14285714285717,249.35714285714286,254.13333333333333
2021-03-19,125,40,19.92,20.24736,23.5976,0.22256,0.32,85,4,3,0,11,237.0,139.0,189.0,340.0,92.0,229.42857142857142,251.71428571428572,241.66666666666666
2021-03-20,217,61,17.00921658986175,20.43935483870968,24.072350230414745,0.1777880184331797,0.28110599078341014,156,5,3,1,11,125.0,237.0,139.0,769.0,93.0,150.57142857142858,260.57142857142856,233.6
2021-03-21,5,2,15.8,22.312,27.880000000000003,0.514,0.4,3,6,3,1,11,217.0,125.0,237.0,45.0,51.0,144.85714285714286,257.2857142857143,208.66666666666666
2021-03-22,48,16,16.104166666666668,19.912291666666665,23.66875,0.28375,0.3333333333333333,32,0,3,0,12,5.0,217.0,125.0,102.0,34.0,137.14285714285714,258.2857142857143,192.76666666666668
2021-03-23,667,213,17.077961019490253,20.523148425787106,24.243178410794602,0.1775112443778111,0.3193403298350825,454,1,3,0,12,48.0,5.0,217.0,189.0,549.0,205.42857142857142,266.7142857142857,213.5
2021-03-24,186,62,18.908602150537636,20.567903225806454,24.400537634408604,0.17446236559139786,0.3333333333333333,124,2,3,0,12,667.0,48.0,5.0,139.0,432.0,212.14285714285714,249.14285714285714,219.1
2021-03-25,318,92,18.18867924528302,20.46893081761006,24.14622641509434,0.17562893081761008,0.2893081761006289,226,3,3,0,12,186.0,667.0,48.0,237.0,419.0,223.71428571428572,241.92857142857142,222.03333333333333
2021-03-26,182,62,18.04945054945055,20.15934065934066,23.901648351648355,0.2670879120879121,0.34065934065934067,120,4,3,0,12,318.0,186.0,667.0,125.0,340.0,231.85714285714286,230.64285714285714,224.2
2021-03-27,405,110,16.985185185185184,20.597975308641978,24.362222222222226,0.1640740740740741,0.2716049382716049,295,5,3,1,12,182.0,318.0,186.0,217.0,769.0,258.7142857142857,204.64285714285714,229.73333333333332
2021-03-28,1,1,7.0,26.0,23.9,0.0,1.0,0,6,3,1,12,405.0,182.0,318.0,5.0,45.0,258.14285714285717,201.5,218.06666666666666
2021-03-29,985,294,16.97258883248731,20.14017258883249,23.86263959390863,0.17423350253807107,0.2984771573604061,691,0,3,0,13,1.0,405.0,182.0,48.0,102.0,392.0,264.57142857142856,237.26666666666668
2021-03-30,733,244,17.804911323328785,20.257585266030013,24.042974079126875,0.20688949522510233,0.3328785811732606,489,1,3,0,13,985.0,1.0,405.0,667.0,189.0,401.42857142857144,303.42857142857144,260.5
2021-03-31,850,259,17.061176470588236,20.418482352941176,24.12494117647059,0.17642352941176473,0.30470588235294116,591,2,3,0,13,733.0,985.0,1.0,186.0,139.0,496.2857142857143,354.2142857142857,285.1
2021-04-01,829,256,16.451145958986732,20.519107358262968,24.28045838359469,0.1676960193003619,0.3088057901085645,573,3,4,0,13,850.0,733.0,985.0,318.0,237.0,569.2857142857143,396.5,310.53333333333336
2021-04-02,1512,479,15.85515873015873,20.176593915343915,23.86031746031746,0.1658531746031746,0.3167989417989418,1033,4,4,0,13,829.0,850.0,733.0,182.0,125.0,759.2857142857143,495.57142857142856,353.9
2021-04-03,1,0,7.0,20.75,25.5,0.11,0.0,1,5,4,1,13,1512.0,829.0,850.0,405.0,217.0,701.5714285714286,480.14285714285717,351.8333333333333
2021-04-04,4,1,10.0,23.0525,26.15,0.055,0.25,3,6,4,1,13,1.0,1512.0,829.0,1.0,5.0,702.0,480.07142857142856,348.9
2021-04-05,2,1,23.0,18.310000000000002,23.4,0.325,0.5,1,0,4,0,14,4.0,1.0,1512.0,985.0,48.0,561.5714285714286,476.7857142857143,345.8666666666667
2021-04-06,1,0,26.0,19.36,22.4,0.0,0.0,1,1,4,0,14,2.0,4.0,1.0,733.0,667.0,457.0,429.2142857142857,344.2
2021-04-07,4,2,32.75,20.002499999999998,23.925,0.34249999999999997,0.5,2,2,4,0,14,1.0,2.0,4.0,850.0,186.0,336.14285714285717,416.2142857142857,343.2
2021-04-08,3,2,7.0,25.626666666666665,29.900000000000002,0.023333333333333334,0.6666666666666666,1,3,4,0,14,4.0,1.0,2.0,829.0,318.0,218.14285714285714,393.7142857142857,325.0
2021-04-09,1,0,12.0,9.02,14.6,0.3,0.0,1,4,4,0,14,3.0,4.0,1.0,1512.0,182.0,2.2857142857142856,380.7857142857143,310.6333333333333
2021-04-10,3,1,30.0,20.76,24.400000000000002,0.04,0.3333333333333333,2,5,4,1,14,1.0,3.0,4.0,1.0,405.0,2.5714285714285716,352.07142857142856,296.76666666666665
2021-04-11,3,1,7.333333333333333,19.966666666666665,24.633333333333336,0.0,0.3333333333333333,2,6,4,1,14,3.0,1.0,3.0,4.0,1.0,2.4285714285714284,352.2142857142857,285.53333333333336
2021-04-12,4,2,11.5,16.02,19.075,0.5325,0.5,2,0,4,0,15,3.0,3.0,1.0,2.0,985.0,2.7142857142857144,282.14285714285717,260.03333333333336
2021-04-13,3,1,10.666666666666666,22.53333333333333,27.96666666666667,0.15333333333333335,0.3333333333333333,2,1,4,0,15,4.0,3.0,3.0,1.0,733.0,3.0,230.0,258.6333333333333
2021-04-14,1,0,12.0,16.23,16.7,0.0,0.0,1,2,4,0,15,3.0,4.0,3.0,4.0,850.0,2.5714285714285716,169.35714285714286,255.26666666666668
2021-04-15,1,0,48.0,23.58,28.0,0.0,0.0,1,3,4,0,15,1.0,3.0,4.0,3.0,829.0,2.2857142857142856,110.21428571428571,249.0
2021-04-16,2,0,14.0,16.665,18.0,0.34500000000000003,0.0,2,4,4,0,15,1.0,1.0,3.0,1.0,1512.0,2.4285714285714284,2.357142857142857,244.43333333333334
2021-04-17,3,2,13.0,20.436666666666667,24.166666666666668,0.03333333333333333,0.6666666666666666,1,5,4,1,15,2.0,1.0,1.0,3.0,1.0,2.4285714285714284,2.5,236.63333333333333
2021-04-18,2,0,40.5,23.130000000000003,27.299999999999997,0.845,0.0,2,6,4,1,15,3.0,2.0,1.0,3.0,4.0,2.2857142857142856,2.357142857142857,232.53333333333333
2021-04-19,2,2,11.0,21.060000000000002,26.9,0.205,1.0,0,0,4,0,16,2.0,3.0,2.0,4.0,2.0,2.0,2.357142857142857,225.36666666666667
2021-04-20,1,0,10.0,17.51,19.6,1.45,0.0,1,1,4,0,16,2.0,2.0,3.0,3.0,1.0,1.7142857142857142,2.357142857142857,225.23333333333332
2021-04-21,1,0,19.0,20.49,25.9,0.0,0.0,1,2,4,0,16,1.0,2.0,2.0,1.0,4.0,1.7142857142857142,2.142857142857143,223.66666666666666
2021-04-22,4,1,15.25,21.5275,25.65,0.10250000000000001,0.25,3,3,4,0,16,1.0,1.0,2.0,1.0,3.0,2.142857142857143,2.2142857142857144,201.56666666666666
2021-04-23,1,0,18.0,17.83,22.9,0.01,0.0,1,4,4,0,16,4.0,1.0,1.0,2.0,1.0,2.0,2.2142857142857144,195.4
2021-04-24,4,1,42.5,21.11,24.65,0.1275,0.25,3,5,4,1,16,1.0,4.0,1.0,3.0,3.0,2.142857142857143,2.2857142857142856,184.93333333333334
2021-04-25,4,2,26.0,20.49,23.65,0.1725,0.5,2,6,4,1,16,4.0,1.0,4.0,2.0,3.0,2.4285714285714284,2.357142857142857,179.0
2021-04-26,4,0,13.0,21.02,23.875,0.45,0.0,4,0,4,0,17,4.0,4.0,1.0,2.0,4.0,2.7142857142857144,2.357142857142857,165.63333333333333
2021-04-27,10,3,14.1,20.281,23.919999999999998,0.10400000000000001,0.3,7,1,4,0,17,4.0,4.0,4.0,1.0,3.0,4.0,2.857142857142857,165.93333333333334
2021-04-28,7,4,11.0,21.50714285714286,26.62857142857143,0.04285714285714286,0.5714285714285714,3,2,4,0,17,10.0,4.0,4.0,1.0,1.0,4.857142857142857,3.2857142857142856,133.33333333333334
2021-04-29,1,0,14.0,18.57,24.4,0.0,0.0,1,3,4,0,17,7.0,10.0,4.0,4.0,1.0,4.428571428571429,3.2857142857142856,108.93333333333334
2021-04-30,5,2,21.8,22.688,27.0,0.028000000000000004,0.4,3,4,4,0,17,1.0,7.0,10.0,1.0,2.0,5.0,3.5,80.76666666666667
2021-05-01,9,3,13.777777777777779,20.939999999999998,24.37777777777778,0.06888888888888889,0.3333333333333333,6,5,5,1,17,5.0,1.0,7.0,4.0,3.0,5.714285714285714,3.9285714285714284,53.43333333333333
2021-05-02,9,1,10.666666666666666,19.235555555555557,23.155555555555555,0.2411111111111111,0.1111111111111111,8,6,5,1,17,9.0,5.0,1.0,4.0,2.0,6.428571428571429,4.428571428571429,3.3333333333333335
2021-05-03,4,1,12.25,17.7225,21.4,0.05,0.25,3,0,5,0,18,9.0,9.0,5.0,4.0,2.0,6.428571428571429,4.571428571428571,3.433333333333333
2021-05-04,3,3,12.666666666666666,21.76,24.166666666666668,0.26,1.0,0,1,5,0,18,4.0,9.0,9.0,10.0,1.0,5.428571428571429,4.714285714285714,3.4
2021-05-05,2,0,10.5,22.5,26.299999999999997,0.225,0.0,2,2,5,0,18,3.0,4.0,9.0,7.0,1.0,4.714285714285714,4.785714285714286,3.4
2021-05-06,5,3,12.6,18.586000000000002,22.16,0.186,0.6,2,3,5,0,18,2.0,3.0,4.0,1.0,4.0,5.285714285714286,4.857142857142857,3.533333333333333
2021-05-07,11,2,16.454545454545453,21.727272727272727,26.8,0.3790909090909091,0.18181818181818182,9,4,5,0,18,5.0,2.0,3.0,5.0,1.0,6.142857142857143,5.571428571428571,3.7666666666666666
2021-05-08,1,1,9.0,25.76,29.6,0.0,1.0,0,5,5,1,18,11.0,5.0,2.0,9.0,4.0,5.0,5.357142857142857,3.7
2021-05-09,4,3,15.5,20.947499999999998,24.35,0.07250000000000001,0.75,1,6,5,1,18,1.0,11.0,5.0,9.0,4.0,4.285714285714286,5.357142857142857,3.8
2021-05-10,3,2,11.0,19.319999999999997,23.433333333333334,0.3233333333333333,0.6666666666666666,1,0,5,0,19,4.0,1.0,11.0,4.0,4.0,4.142857142857143,5.285714285714286,3.8
2021-05-11,11,4,17.818181818181817,20.673636363636362,26.354545454545452,0.06363636363636364,0.36363636363636365,7,1,5,0,19,3.0,4.0,1.0,3.0,10.0,5.285714285714286,5.357142857142857,4.066666666666666
2021-05-12,1,0,12.0,18.85,20.8,0.16,0.0,1,2,5,0,19,11.0,3.0,4.0,2.0,7.0,5.142857142857143,4.928571428571429,3.966666666666667
